thinking_mode,agent_id,agent_label,probe_name,probe_label,layer,n_predictions,n_trajectories,n_match_groups,pooled_auroc,mean_fold_auroc,fold_auroc_sd,fold_auroc_min,fold_auroc_max,brier,ece_10_bin
off,planner_1,Planner,goldowsky_dill_logistic,Goldowsky-Dill,0,36,36,9,0.5,0.5,0.0,0.5,0.5,0.25,0.0
off,planner_1,Planner,goldowsky_dill_logistic,Goldowsky-Dill,8,36,36,9,0.5,0.5,0.0,0.5,0.5,0.25,0.0
off,planner_1,Planner,goldowsky_dill_logistic,Goldowsky-Dill,16,36,36,9,0.5,0.5,0.0,0.5,0.5,0.25,0.0
off,planner_1,Planner,goldowsky_dill_logistic,Goldowsky-Dill,24,36,36,9,0.5,0.5,0.0,0.5,0.5,0.25,0.0
off,planner_1,Planner,goldowsky_dill_logistic,Goldowsky-Dill,32,36,36,9,0.5,0.5,0.0,0.5,0.5,0.25,0.0
off,planner_1,Planner,goldowsky_dill_logistic,Goldowsky-Dill,40,36,36,9,0.5,0.5,0.0,0.5,0.5,0.25,0.0
off,planner_1,Planner,goldowsky_dill_logistic,Goldowsky-Dill,48,36,36,9,0.5,0.5,0.0,0.5,0.5,0.25,0.0
off,planner_1,Planner,goldowsky_dill_logistic,Goldowsky-Dill,56,36,36,9,0.5,0.5,0.0,0.5,0.5,0.25,0.0
off,planner_1,Planner,goldowsky_dill_logistic,Goldowsky-Dill,63,36,36,9,0.5,0.5,0.0,0.5,0.5,0.25,0.0
off,planner_1,Planner,lat_contrast_pair_pca,LAT,0,36,36,9,0.5,0.5,0.0,0.5,0.5,0.25,0.0
off,planner_1,Planner,lat_contrast_pair_pca,LAT,8,36,36,9,0.5,0.5,0.0,0.5,0.5,0.25,0.0
off,planner_1,Planner,lat_contrast_pair_pca,LAT,16,36,36,9,0.5,0.5,0.0,0.5,0.5,0.25,0.0
off,planner_1,Planner,lat_contrast_pair_pca,LAT,24,36,36,9,0.5,0.5,0.0,0.5,0.5,0.25,0.0
off,planner_1,Planner,lat_contrast_pair_pca,LAT,32,36,36,9,0.5,0.5,0.0,0.5,0.5,0.25,0.0
off,planner_1,Planner,lat_contrast_pair_pca,LAT,40,36,36,9,0.5,0.5,0.0,0.5,0.5,0.25,0.0
off,planner_1,Planner,lat_contrast_pair_pca,LAT,48,36,36,9,0.5,0.5,0.0,0.5,0.5,0.25,0.0
off,planner_1,Planner,lat_contrast_pair_pca,LAT,56,36,36,9,0.5,0.5,0.0,0.5,0.5,0.25,0.0
off,planner_1,Planner,lat_contrast_pair_pca,LAT,63,36,36,9,0.5,0.5,0.0,0.5,0.5,0.25,0.0
off,worker_1,Worker 1,goldowsky_dill_logistic,Goldowsky-Dill,0,36,36,9,0.5,0.5,0.42491829279939874,0.0,1.0,0.3921967238978684,0.4032331859210484
off,worker_1,Worker 1,goldowsky_dill_logistic,Goldowsky-Dill,8,36,36,9,0.5185185185185185,0.6944444444444444,0.4044505494044732,0.0,1.0,0.40549519962285413,0.41540328995254727
off,worker_1,Worker 1,goldowsky_dill_logistic,Goldowsky-Dill,16,36,36,9,0.4691358024691358,0.4444444444444444,0.3868996743662255,0.0,1.0,0.4349645656997108,0.4353033989627705
off,worker_1,Worker 1,goldowsky_dill_logistic,Goldowsky-Dill,24,36,36,9,0.5092592592592593,0.5277777777777778,0.3808697000222802,0.0,1.0,0.4544378321195819,0.491507484658346
off,worker_1,Worker 1,goldowsky_dill_logistic,Goldowsky-Dill,32,36,36,9,0.6080246913580247,0.6944444444444444,0.36851386559504445,0.0,1.0,0.2804682643293861,0.26984087231396287
off,worker_1,Worker 1,goldowsky_dill_logistic,Goldowsky-Dill,40,36,36,9,0.7098765432098766,0.8888888888888888,0.31426968052735443,0.0,1.0,0.2629636405235265,0.2764027096741258
off,worker_1,Worker 1,goldowsky_dill_logistic,Goldowsky-Dill,48,36,36,9,0.7808641975308642,0.8611111111111112,0.31426968052735443,0.0,1.0,0.279594243206323,0.3166998417037752
off,worker_1,Worker 1,goldowsky_dill_logistic,Goldowsky-Dill,56,36,36,9,0.7345679012345679,0.6944444444444444,0.3868996743662255,0.0,1.0,0.2669512305443516,0.25521146461997163
off,worker_1,Worker 1,goldowsky_dill_logistic,Goldowsky-Dill,63,36,36,9,0.7561728395061729,0.8055555555555556,0.28327886186626583,0.25,1.0,0.217399289082444,0.20486743148543882
off,worker_1,Worker 1,lat_contrast_pair_pca,LAT,0,36,36,9,0.3611111111111111,0.19444444444444445,0.19641855032959654,0.0,0.5,0.2604874416858806,0.08913601990293461
off,worker_1,Worker 1,lat_contrast_pair_pca,LAT,8,36,36,9,0.4783950617283951,0.4166666666666667,0.37267799624996495,0.0,1.0,0.2746977844278189,0.142210340528802
off,worker_1,Worker 1,lat_contrast_pair_pca,LAT,16,36,36,9,0.46296296296296297,0.5,0.4714045207910317,0.0,1.0,0.2693533935923539,0.14277436589153644
off,worker_1,Worker 1,lat_contrast_pair_pca,LAT,24,36,36,9,0.4691358024691358,0.3888888888888889,0.41013397389537226,0.0,1.0,0.26733524711035134,0.10501101017151224
off,worker_1,Worker 1,lat_contrast_pair_pca,LAT,32,36,36,9,0.4691358024691358,0.6666666666666666,0.3908679799852858,0.0,1.0,0.2675286781259341,0.1921493320818549
off,worker_1,Worker 1,lat_contrast_pair_pca,LAT,40,36,36,9,0.5864197530864198,0.7222222222222222,0.41573970964154905,0.0,1.0,0.2563282939196776,0.22679714700493586
off,worker_1,Worker 1,lat_contrast_pair_pca,LAT,48,36,36,9,0.8302469135802469,0.9444444444444444,0.15713484026367722,0.5,1.0,0.1618679683282018,0.17499963558201903
off,worker_1,Worker 1,lat_contrast_pair_pca,LAT,56,36,36,9,0.8518518518518519,0.8611111111111112,0.31426968052735443,0.0,1.0,0.16234523818969043,0.13213507323341098
off,worker_1,Worker 1,lat_contrast_pair_pca,LAT,63,36,36,9,0.7561728395061729,0.7777777777777778,0.41573970964154905,0.0,1.0,0.2047702047101065,0.25189896638358666
off,worker_2,Worker 2,goldowsky_dill_logistic,Goldowsky-Dill,0,18,18,9,0.7530864197530864,0.7777777777777778,0.41573970964154905,0.0,1.0,0.2108856505021382,0.31105215080707577
off,worker_2,Worker 2,goldowsky_dill_logistic,Goldowsky-Dill,8,18,18,9,0.5802469135802469,0.7777777777777778,0.41573970964154905,0.0,1.0,0.38993055301191176,0.4378068982671045
off,worker_2,Worker 2,goldowsky_dill_logistic,Goldowsky-Dill,16,18,18,9,0.5061728395061729,0.5555555555555556,0.49690399499995325,0.0,1.0,0.3897523227363911,0.4456144824698614
off,worker_2,Worker 2,goldowsky_dill_logistic,Goldowsky-Dill,24,18,18,9,0.5432098765432098,0.3333333333333333,0.4714045207910317,0.0,1.0,0.31757027615165906,0.3433968949785653
off,worker_2,Worker 2,goldowsky_dill_logistic,Goldowsky-Dill,32,18,18,9,0.6666666666666666,0.7777777777777778,0.41573970964154905,0.0,1.0,0.2555175080690432,0.31018190150975306
off,worker_2,Worker 2,goldowsky_dill_logistic,Goldowsky-Dill,40,18,18,9,0.7283950617283951,0.7777777777777778,0.41573970964154905,0.0,1.0,0.2341079917925122,0.24147248105031904
off,worker_2,Worker 2,goldowsky_dill_logistic,Goldowsky-Dill,48,18,18,9,0.7283950617283951,0.6666666666666666,0.4714045207910317,0.0,1.0,0.21168127312689988,0.2253789587019495
off,worker_2,Worker 2,goldowsky_dill_logistic,Goldowsky-Dill,56,18,18,9,0.6049382716049383,0.6666666666666666,0.4714045207910317,0.0,1.0,0.2765999248170226,0.3175524014829994
off,worker_2,Worker 2,goldowsky_dill_logistic,Goldowsky-Dill,63,18,18,9,0.4691358024691358,0.4444444444444444,0.49690399499995325,0.0,1.0,0.41686509120269394,0.4785558480727674
off,worker_2,Worker 2,lat_contrast_pair_pca,LAT,0,18,18,9,0.48148148148148145,0.4444444444444444,0.49690399499995325,0.0,1.0,0.26548536935179834,0.14897657168612244
off,worker_2,Worker 2,lat_contrast_pair_pca,LAT,8,18,18,9,0.6419753086419753,0.4444444444444444,0.49690399499995325,0.0,1.0,0.24150930967806955,0.2862719905681038
off,worker_2,Worker 2,lat_contrast_pair_pca,LAT,16,18,18,9,0.5061728395061729,0.5555555555555556,0.49690399499995325,0.0,1.0,0.2819696604850799,0.2288483187549488
off,worker_2,Worker 2,lat_contrast_pair_pca,LAT,24,18,18,9,0.2839506172839506,0.3333333333333333,0.4714045207910317,0.0,1.0,0.29063443013485857,0.16568830531927525
off,worker_2,Worker 2,lat_contrast_pair_pca,LAT,32,18,18,9,0.5555555555555556,0.7777777777777778,0.41573970964154905,0.0,1.0,0.2593251803062943,0.061360010145401725
off,worker_2,Worker 2,lat_contrast_pair_pca,LAT,40,18,18,9,0.41975308641975306,0.5555555555555556,0.49690399499995325,0.0,1.0,0.2806160245902276,0.19598520199333613
off,worker_2,Worker 2,lat_contrast_pair_pca,LAT,48,18,18,9,0.43209876543209874,0.4444444444444444,0.49690399499995325,0.0,1.0,0.26789668749790657,0.16302555839156907
off,worker_2,Worker 2,lat_contrast_pair_pca,LAT,56,18,18,9,0.41975308641975306,0.4444444444444444,0.49690399499995325,0.0,1.0,0.2638606402839387,0.17895609582143884
off,worker_2,Worker 2,lat_contrast_pair_pca,LAT,63,18,18,9,0.49382716049382713,0.3333333333333333,0.4714045207910317,0.0,1.0,0.26554105931339383,0.22988063664135716
off,executor_1,Executor,goldowsky_dill_logistic,Goldowsky-Dill,0,36,36,9,0.4228395061728395,0.3055555555555556,0.19641855032959654,0.0,0.5,0.4643735168741387,0.44309422254106506
off,executor_1,Executor,goldowsky_dill_logistic,Goldowsky-Dill,8,36,36,9,0.5277777777777778,0.4444444444444444,0.30681558381075724,0.0,1.0,0.3788869096011391,0.36374302386140217
off,executor_1,Executor,goldowsky_dill_logistic,Goldowsky-Dill,16,36,36,9,0.5617283950617284,0.5277777777777778,0.3424674446093876,0.0,1.0,0.39791830338556194,0.42785926450083134
off,executor_1,Executor,goldowsky_dill_logistic,Goldowsky-Dill,24,36,36,9,0.5,0.5277777777777778,0.24845199749997662,0.0,0.75,0.38214917926074976,0.37459828007765644
off,executor_1,Executor,goldowsky_dill_logistic,Goldowsky-Dill,32,36,36,9,0.5679012345679012,0.5277777777777778,0.21872244094477253,0.25,0.75,0.3451530066248305,0.3442753684125998
off,executor_1,Executor,goldowsky_dill_logistic,Goldowsky-Dill,40,36,36,9,0.6327160493827161,0.6944444444444444,0.28327886186626583,0.25,1.0,0.29529622957960433,0.27843924353070654
off,executor_1,Executor,goldowsky_dill_logistic,Goldowsky-Dill,48,36,36,9,0.4845679012345679,0.5,0.31180478223116176,0.0,1.0,0.45665596552611565,0.4889012013436642
off,executor_1,Executor,goldowsky_dill_logistic,Goldowsky-Dill,56,36,36,9,0.4722222222222222,0.4444444444444444,0.2290614236454256,0.0,0.75,0.37852944227770186,0.34904175368779333
off,executor_1,Executor,goldowsky_dill_logistic,Goldowsky-Dill,63,36,36,9,0.46296296296296297,0.5,0.28867513459481287,0.0,1.0,0.37262676055812727,0.37497356167150175
off,executor_1,Executor,lat_contrast_pair_pca,LAT,0,36,36,9,0.5401234567901234,0.5833333333333334,0.31180478223116176,0.0,1.0,0.2550836823987163,0.0903506450727159
off,executor_1,Executor,lat_contrast_pair_pca,LAT,8,36,36,9,0.5833333333333334,0.5555555555555556,0.2290614236454256,0.0,0.75,0.24999485831403737,0.10795373045452566
off,executor_1,Executor,lat_contrast_pair_pca,LAT,16,36,36,9,0.5524691358024691,0.6111111111111112,0.12422599874998831,0.5,0.75,0.25035503243675744,0.06518922985013502
off,executor_1,Executor,lat_contrast_pair_pca,LAT,24,36,36,9,0.5308641975308642,0.5555555555555556,0.10393492741038726,0.5,0.75,0.25228092922404066,0.051204282347376236
off,executor_1,Executor,lat_contrast_pair_pca,LAT,32,36,36,9,0.5524691358024691,0.5555555555555556,0.10393492741038726,0.5,0.75,0.2494280207996873,0.05260047466942455
off,executor_1,Executor,lat_contrast_pair_pca,LAT,40,36,36,9,0.5864197530864198,0.6666666666666666,0.16666666666666666,0.5,1.0,0.24815041663781198,0.10743666044533345
off,executor_1,Executor,lat_contrast_pair_pca,LAT,48,36,36,9,0.5030864197530864,0.5833333333333334,0.16666666666666666,0.25,0.75,0.25957448345257583,0.17642335993440178
off,executor_1,Executor,lat_contrast_pair_pca,LAT,56,36,36,9,0.5370370370370371,0.5833333333333334,0.2041241452319315,0.25,0.75,0.25451802790534683,0.14154796196106276
off,executor_1,Executor,lat_contrast_pair_pca,LAT,63,36,36,9,0.5648148148148148,0.5277777777777778,0.27498597046143514,0.0,1.0,0.24814037445483303,0.03396035711072215
on,planner_1,Planner,goldowsky_dill_logistic,Goldowsky-Dill,0,36,36,9,0.5,0.5,0.0,0.5,0.5,0.25,0.0
on,planner_1,Planner,goldowsky_dill_logistic,Goldowsky-Dill,8,36,36,9,0.5,0.5,0.0,0.5,0.5,0.25,0.0
on,planner_1,Planner,goldowsky_dill_logistic,Goldowsky-Dill,16,36,36,9,0.5,0.5,0.0,0.5,0.5,0.25,0.0
on,planner_1,Planner,goldowsky_dill_logistic,Goldowsky-Dill,24,36,36,9,0.5,0.5,0.0,0.5,0.5,0.25,0.0
on,planner_1,Planner,goldowsky_dill_logistic,Goldowsky-Dill,32,36,36,9,0.5,0.5,0.0,0.5,0.5,0.25,0.0
on,planner_1,Planner,goldowsky_dill_logistic,Goldowsky-Dill,40,36,36,9,0.5,0.5,0.0,0.5,0.5,0.25,0.0
on,planner_1,Planner,goldowsky_dill_logistic,Goldowsky-Dill,48,36,36,9,0.5,0.5,0.0,0.5,0.5,0.25,0.0
on,planner_1,Planner,goldowsky_dill_logistic,Goldowsky-Dill,56,36,36,9,0.5,0.5,0.0,0.5,0.5,0.25,0.0
on,planner_1,Planner,goldowsky_dill_logistic,Goldowsky-Dill,63,36,36,9,0.5,0.5,0.0,0.5,0.5,0.25,0.0
on,planner_1,Planner,lat_contrast_pair_pca,LAT,0,36,36,9,0.5,0.5,0.0,0.5,0.5,0.25,0.0
on,planner_1,Planner,lat_contrast_pair_pca,LAT,8,36,36,9,0.5,0.5,0.0,0.5,0.5,0.25,0.0
on,planner_1,Planner,lat_contrast_pair_pca,LAT,16,36,36,9,0.5,0.5,0.0,0.5,0.5,0.25,0.0
on,planner_1,Planner,lat_contrast_pair_pca,LAT,24,36,36,9,0.5,0.5,0.0,0.5,0.5,0.25,0.0
on,planner_1,Planner,lat_contrast_pair_pca,LAT,32,36,36,9,0.5,0.5,0.0,0.5,0.5,0.25,0.0
on,planner_1,Planner,lat_contrast_pair_pca,LAT,40,36,36,9,0.5,0.5,0.0,0.5,0.5,0.25,0.0
on,planner_1,Planner,lat_contrast_pair_pca,LAT,48,36,36,9,0.5,0.5,0.0,0.5,0.5,0.25,0.0
on,planner_1,Planner,lat_contrast_pair_pca,LAT,56,36,36,9,0.5,0.5,0.0,0.5,0.5,0.25,0.0
on,planner_1,Planner,lat_contrast_pair_pca,LAT,63,36,36,9,0.5,0.5,0.0,0.5,0.5,0.25,0.0
on,worker_1,Worker 1,goldowsky_dill_logistic,Goldowsky-Dill,0,36,36,9,0.5339506172839507,0.6111111111111112,0.29133579115837543,0.25,1.0,0.4669155542644817,0.4692771531425399
on,worker_1,Worker 1,goldowsky_dill_logistic,Goldowsky-Dill,8,36,36,9,0.5524691358024691,0.6944444444444444,0.30681558381075724,0.0,1.0,0.38198421852314945,0.37906022396221284
on,worker_1,Worker 1,goldowsky_dill_logistic,Goldowsky-Dill,16,36,36,9,0.5679012345679012,0.7222222222222222,0.3424674446093876,0.0,1.0,0.3741404939586349,0.38262867748181906
on,worker_1,Worker 1,goldowsky_dill_logistic,Goldowsky-Dill,24,36,36,9,0.7469135802469136,1.0,0.0,1.0,1.0,0.23761057340619463,0.2178020364254729
on,worker_1,Worker 1,goldowsky_dill_logistic,Goldowsky-Dill,32,36,36,9,0.6450617283950617,0.9722222222222222,0.07856742013183861,0.75,1.0,0.38941913195366623,0.40001958804530263
on,worker_1,Worker 1,goldowsky_dill_logistic,Goldowsky-Dill,40,36,36,9,0.6666666666666666,0.8333333333333334,0.26352313834736496,0.25,1.0,0.3482103554467283,0.3711370716307818
on,worker_1,Worker 1,goldowsky_dill_logistic,Goldowsky-Dill,48,36,36,9,0.654320987654321,0.7777777777777778,0.32155102507750627,0.0,1.0,0.28013404427159916,0.2897705343455519
on,worker_1,Worker 1,goldowsky_dill_logistic,Goldowsky-Dill,56,36,36,9,0.6018518518518519,0.6111111111111112,0.4581228472908512,0.0,1.0,0.34828856971587424,0.3630852129554139
on,worker_1,Worker 1,goldowsky_dill_logistic,Goldowsky-Dill,63,36,36,9,0.6018518518518519,0.75,0.37267799624996495,0.0,1.0,0.3697516494107618,0.3726328132332226
on,worker_1,Worker 1,lat_contrast_pair_pca,LAT,0,36,36,9,0.6111111111111112,0.7222222222222222,0.24845199749997662,0.25,1.0,0.2511273335713464,0.13739031859305573
on,worker_1,Worker 1,lat_contrast_pair_pca,LAT,8,36,36,9,0.5555555555555556,0.7222222222222222,0.32155102507750627,0.0,1.0,0.25862093816173565,0.09265674567023685
on,worker_1,Worker 1,lat_contrast_pair_pca,LAT,16,36,36,9,0.49691358024691357,0.5833333333333334,0.31180478223116176,0.0,1.0,0.27991384374580963,0.1885285837134481
on,worker_1,Worker 1,lat_contrast_pair_pca,LAT,24,36,36,9,0.5802469135802469,0.8888888888888888,0.20786985482077452,0.5,1.0,0.2802144224667117,0.2324361582860751
on,worker_1,Worker 1,lat_contrast_pair_pca,LAT,32,36,36,9,0.6450617283950617,0.75,0.37267799624996495,0.0,1.0,0.26252497714347534,0.29994201721453817
on,worker_1,Worker 1,lat_contrast_pair_pca,LAT,40,36,36,9,0.6080246913580247,0.7777777777777778,0.41573970964154905,0.0,1.0,0.2557255802567541,0.18893080710866517
on,worker_1,Worker 1,lat_contrast_pair_pca,LAT,48,36,36,9,0.6882716049382716,0.6388888888888888,0.4581228472908512,0.0,1.0,0.21627477150647095,0.1514713614115384
on,worker_1,Worker 1,lat_contrast_pair_pca,LAT,56,36,36,9,0.6388888888888888,0.6944444444444444,0.43744488188954506,0.0,1.0,0.24761954644176998,0.25051594513943726
on,worker_1,Worker 1,lat_contrast_pair_pca,LAT,63,36,36,9,0.6358024691358025,0.6666666666666666,0.4714045207910317,0.0,1.0,0.24619487210137622,0.30866945778779076
on,worker_2,Worker 2,goldowsky_dill_logistic,Goldowsky-Dill,0,18,18,9,0.37037037037037035,0.4444444444444444,0.49690399499995325,0.0,1.0,0.5019221568806554,0.49457419678073455
on,worker_2,Worker 2,goldowsky_dill_logistic,Goldowsky-Dill,8,18,18,9,0.5308641975308642,0.4444444444444444,0.49690399499995325,0.0,1.0,0.39672969645839795,0.41169093015236147
on,worker_2,Worker 2,goldowsky_dill_logistic,Goldowsky-Dill,16,18,18,9,0.5308641975308642,0.4444444444444444,0.49690399499995325,0.0,1.0,0.41154022797983403,0.41775348514675614
on,worker_2,Worker 2,goldowsky_dill_logistic,Goldowsky-Dill,24,18,18,9,0.5802469135802469,0.5555555555555556,0.49690399499995325,0.0,1.0,0.43626185877017626,0.4495192284943759
on,worker_2,Worker 2,goldowsky_dill_logistic,Goldowsky-Dill,32,18,18,9,0.6049382716049383,0.7777777777777778,0.41573970964154905,0.0,1.0,0.43212623412883233,0.4273890559829474
on,worker_2,Worker 2,goldowsky_dill_logistic,Goldowsky-Dill,40,18,18,9,0.6419753086419753,0.8888888888888888,0.31426968052735443,0.0,1.0,0.37768634782736793,0.4098666840970537
on,worker_2,Worker 2,goldowsky_dill_logistic,Goldowsky-Dill,48,18,18,9,0.49382716049382713,0.6666666666666666,0.4714045207910317,0.0,1.0,0.40902616969292155,0.4567558901660862
on,worker_2,Worker 2,goldowsky_dill_logistic,Goldowsky-Dill,56,18,18,9,0.5555555555555556,0.7777777777777778,0.41573970964154905,0.0,1.0,0.41365476313514044,0.47315402240563526
on,worker_2,Worker 2,goldowsky_dill_logistic,Goldowsky-Dill,63,18,18,9,0.5555555555555556,0.7777777777777778,0.41573970964154905,0.0,1.0,0.4107609799782201,0.46793312548511834
on,worker_2,Worker 2,lat_contrast_pair_pca,LAT,0,18,18,9,0.48148148148148145,0.5555555555555556,0.49690399499995325,0.0,1.0,0.2912574158437692,0.11662873110850869
on,worker_2,Worker 2,lat_contrast_pair_pca,LAT,8,18,18,9,0.37037037037037035,0.5555555555555556,0.49690399499995325,0.0,1.0,0.33331821086026686,0.18875456941401897
on,worker_2,Worker 2,lat_contrast_pair_pca,LAT,16,18,18,9,0.5432098765432098,0.6666666666666666,0.4714045207910317,0.0,1.0,0.26673858263771266,0.2861722186608886
on,worker_2,Worker 2,lat_contrast_pair_pca,LAT,24,18,18,9,0.5432098765432098,0.4444444444444444,0.49690399499995325,0.0,1.0,0.27259922421273625,0.2746731642272151
on,worker_2,Worker 2,lat_contrast_pair_pca,LAT,32,18,18,9,0.6172839506172839,0.6666666666666666,0.4714045207910317,0.0,1.0,0.2564445691958112,0.17559589648406876
on,worker_2,Worker 2,lat_contrast_pair_pca,LAT,40,18,18,9,0.4691358024691358,0.4444444444444444,0.49690399499995325,0.0,1.0,0.2818490566065561,0.20415109382030916
on,worker_2,Worker 2,lat_contrast_pair_pca,LAT,48,18,18,9,0.2962962962962963,0.3333333333333333,0.4714045207910317,0.0,1.0,0.28555493666251164,0.1724461412498408
on,worker_2,Worker 2,lat_contrast_pair_pca,LAT,56,18,18,9,0.16049382716049382,0.0,0.0,0.0,0.0,0.2943742720787947,0.32650174485607875
on,worker_2,Worker 2,lat_contrast_pair_pca,LAT,63,18,18,9,0.18518518518518517,0.3333333333333333,0.4714045207910317,0.0,1.0,0.292053602170745,0.32042896740021914
on,executor_1,Executor,goldowsky_dill_logistic,Goldowsky-Dill,0,36,36,9,0.5216049382716049,0.4722222222222222,0.18425693279752223,0.25,0.75,0.4017358635867383,0.4164451576395226
on,executor_1,Executor,goldowsky_dill_logistic,Goldowsky-Dill,8,36,36,9,0.6944444444444444,0.6944444444444444,0.2576005137637695,0.25,1.0,0.2766208809916767,0.293339171604568
on,executor_1,Executor,goldowsky_dill_logistic,Goldowsky-Dill,16,36,36,9,0.6450617283950617,0.5833333333333334,0.2041241452319315,0.25,1.0,0.3007462144440229,0.277785763765258
on,executor_1,Executor,goldowsky_dill_logistic,Goldowsky-Dill,24,36,36,9,0.45987654320987653,0.4722222222222222,0.3424674446093876,0.0,1.0,0.4202133948838821,0.4422462380754014
on,executor_1,Executor,goldowsky_dill_logistic,Goldowsky-Dill,32,36,36,9,0.3888888888888889,0.3333333333333333,0.28867513459481287,0.0,0.75,0.4500913659541589,0.4757231534680142
on,executor_1,Executor,goldowsky_dill_logistic,Goldowsky-Dill,40,36,36,9,0.4691358024691358,0.3888888888888889,0.2664350846284844,0.0,0.75,0.4017566943362854,0.4400639178389074
on,executor_1,Executor,goldowsky_dill_logistic,Goldowsky-Dill,48,36,36,9,0.5308641975308642,0.6111111111111112,0.29133579115837543,0.0,1.0,0.39603582773243273,0.4047483312646875
on,executor_1,Executor,goldowsky_dill_logistic,Goldowsky-Dill,56,36,36,9,0.5277777777777778,0.4722222222222222,0.36217791140014716,0.0,1.0,0.39141548119492103,0.3963403451361286
on,executor_1,Executor,goldowsky_dill_logistic,Goldowsky-Dill,63,36,36,9,0.5462962962962963,0.5,0.3333333333333333,0.0,1.0,0.371518378757474,0.4106322641188865
on,executor_1,Executor,lat_contrast_pair_pca,LAT,0,36,36,9,0.24691358024691357,0.25,0.26352313834736496,0.0,0.75,0.2747631696042648,0.23139609189283725
on,executor_1,Executor,lat_contrast_pair_pca,LAT,8,36,36,9,0.3055555555555556,0.4444444444444444,0.28327886186626583,0.0,1.0,0.2796399420390225,0.16365108894704755
on,executor_1,Executor,lat_contrast_pair_pca,LAT,16,36,36,9,0.42901234567901236,0.4166666666666667,0.28867513459481287,0.0,1.0,0.2647116767865753,0.15282866195133402
on,executor_1,Executor,lat_contrast_pair_pca,LAT,24,36,36,9,0.558641975308642,0.5555555555555556,0.30681558381075724,0.0,1.0,0.2538646513801765,0.1623349887116091
on,executor_1,Executor,lat_contrast_pair_pca,LAT,32,36,36,9,0.5617283950617284,0.5833333333333334,0.26352313834736496,0.25,1.0,0.2531824258098069,0.1455299981880143
on,executor_1,Executor,lat_contrast_pair_pca,LAT,40,36,36,9,0.558641975308642,0.5833333333333334,0.26352313834736496,0.25,1.0,0.2526787618962868,0.1777461317601383
on,executor_1,Executor,lat_contrast_pair_pca,LAT,48,36,36,9,0.5617283950617284,0.5833333333333334,0.31180478223116176,0.0,1.0,0.25148377230796826,0.1568833638162142
on,executor_1,Executor,lat_contrast_pair_pca,LAT,56,36,36,9,0.5833333333333334,0.6111111111111112,0.31426968052735443,0.0,1.0,0.24926689622139372,0.1445450705585796
on,executor_1,Executor,lat_contrast_pair_pca,LAT,63,36,36,9,0.5771604938271605,0.6388888888888888,0.31426968052735443,0.25,1.0,0.24911778704501022,0.05436383063614304
