domain,match_group_id,trajectory_id,treatment,delegation_depth,thinking_mode,step_index,agent_id,agent_role,checkpoints,layer_count,activation_file,sha256
AIHC,aihc,aihc__2hop__clean__prompt_neutral_v1__gen_controlled_v2_5000__thinking_off,clean,2-hop,off,0,planner_1,planner,last_input_token;last_visible_answer_token,64,activations/aihc__2hop__clean__prompt_neutral_v1__gen_controlled_v2_5000__thinking_off/off/step_000.pt,363ac718172e74d65977f28248bf3db973763adba23ad0ebb36589c6360719f6
AIHC,aihc,aihc__2hop__clean__prompt_neutral_v1__gen_controlled_v2_5000__thinking_off,clean,2-hop,off,2,worker_1,worker,last_input_token;last_visible_answer_token,64,activations/aihc__2hop__clean__prompt_neutral_v1__gen_controlled_v2_5000__thinking_off/off/step_002.pt,74dd08775fad95de03600601c972f12aebb8d095a073c4873d7732e7f57d3c44
AIHC,aihc,aihc__2hop__clean__prompt_neutral_v1__gen_controlled_v2_5000__thinking_off,clean,2-hop,off,3,executor_1,executor,last_input_token;last_visible_answer_token,64,activations/aihc__2hop__clean__prompt_neutral_v1__gen_controlled_v2_5000__thinking_off/off/step_003.pt,ec36124164a1e06eda5294342cf52f2e7e0aca33d78841f57ac50eca6e16b35e
AIHC,aihc,aihc__2hop__clean__prompt_neutral_v1__gen_controlled_v2_5000__thinking_on,clean,2-hop,on,0,planner_1,planner,last_input_token;last_reasoning_token;last_visible_answer_token,64,activations/aihc__2hop__clean__prompt_neutral_v1__gen_controlled_v2_5000__thinking_on/on/step_000.pt,c20f1a7f3b601f98f8cd965fe4e6771a215e485ce1bed306d876e6ba18a4b4ed
AIHC,aihc,aihc__2hop__clean__prompt_neutral_v1__gen_controlled_v2_5000__thinking_on,clean,2-hop,on,2,worker_1,worker,last_input_token;last_reasoning_token;last_visible_answer_token,64,activations/aihc__2hop__clean__prompt_neutral_v1__gen_controlled_v2_5000__thinking_on/on/step_002.pt,74c66ee757cb373da73628137bd1d43ae82d5b45e6df8895ec0467e3ac7af627
AIHC,aihc,aihc__2hop__clean__prompt_neutral_v1__gen_controlled_v2_5000__thinking_on,clean,2-hop,on,3,executor_1,executor,last_input_token;last_reasoning_token;last_visible_answer_token,64,activations/aihc__2hop__clean__prompt_neutral_v1__gen_controlled_v2_5000__thinking_on/on/step_003.pt,db63ab8907ca4cbd1c07ff9b2dd1254f6da117daeffb73a49ad95e56124c1e2f
AIHC,aihc,aihc__2hop__injected__prompt_neutral_v1__gen_controlled_v2_5000__thinking_off,injected,2-hop,off,0,planner_1,planner,last_input_token;last_visible_answer_token,64,activations/aihc__2hop__injected__prompt_neutral_v1__gen_controlled_v2_5000__thinking_off/off/step_000.pt,3fe2b732dcce8289643cd5e44801054b0458ff8c06731d7a6a5eaaf98751c798
AIHC,aihc,aihc__2hop__injected__prompt_neutral_v1__gen_controlled_v2_5000__thinking_off,injected,2-hop,off,2,worker_1,worker,last_input_token;last_visible_answer_token,64,activations/aihc__2hop__injected__prompt_neutral_v1__gen_controlled_v2_5000__thinking_off/off/step_002.pt,f40d3ff7559fc18f11acfe6f76476f404694a35c38620c831adefda625d11785
AIHC,aihc,aihc__2hop__injected__prompt_neutral_v1__gen_controlled_v2_5000__thinking_off,injected,2-hop,off,3,executor_1,executor,last_input_token;last_visible_answer_token,64,activations/aihc__2hop__injected__prompt_neutral_v1__gen_controlled_v2_5000__thinking_off/off/step_003.pt,f42b9553a646ff2a76383c7d2df2747c7da4178fdeda62cf11f05e5f1092b45b
AIHC,aihc,aihc__2hop__injected__prompt_neutral_v1__gen_controlled_v2_5000__thinking_on,injected,2-hop,on,0,planner_1,planner,last_input_token;last_reasoning_token;last_visible_answer_token,64,activations/aihc__2hop__injected__prompt_neutral_v1__gen_controlled_v2_5000__thinking_on/on/step_000.pt,b22ff6f8c85bd1d8f1b2ed58e2599c1ba8b0b0e7d96ac8bae9a4f3cafd203e37
AIHC,aihc,aihc__2hop__injected__prompt_neutral_v1__gen_controlled_v2_5000__thinking_on,injected,2-hop,on,2,worker_1,worker,last_input_token;last_reasoning_token;last_visible_answer_token,64,activations/aihc__2hop__injected__prompt_neutral_v1__gen_controlled_v2_5000__thinking_on/on/step_002.pt,eb69c114d73bd83ae895cc7834651910c68a7b005a9173e0e61247ed5b9a6888
AIHC,aihc,aihc__2hop__injected__prompt_neutral_v1__gen_controlled_v2_5000__thinking_on,injected,2-hop,on,3,executor_1,executor,last_input_token;last_reasoning_token;last_visible_answer_token,64,activations/aihc__2hop__injected__prompt_neutral_v1__gen_controlled_v2_5000__thinking_on/on/step_003.pt,94331b66961b40a6739fb2526ea81533033edd5f61c0ce980245e7a50b84350e
AIHC,aihc,aihc__3hop__clean__prompt_neutral_v1__gen_controlled_v2_5000__thinking_off,clean,3-hop,off,0,planner_1,planner,last_input_token;last_visible_answer_token,64,activations/aihc__3hop__clean__prompt_neutral_v1__gen_controlled_v2_5000__thinking_off/off/step_000.pt,b3f999b730f12c03101d116e831669257db540e7050866b1568e3f7b2c47a730
AIHC,aihc,aihc__3hop__clean__prompt_neutral_v1__gen_controlled_v2_5000__thinking_off,clean,3-hop,off,2,worker_1,worker,last_input_token;last_visible_answer_token,64,activations/aihc__3hop__clean__prompt_neutral_v1__gen_controlled_v2_5000__thinking_off/off/step_002.pt,338de14ea8e0beb56269c6af9fb4f9b27428ed9456042fffd405dd0704c4f905
AIHC,aihc,aihc__3hop__clean__prompt_neutral_v1__gen_controlled_v2_5000__thinking_off,clean,3-hop,off,3,worker_2,worker,last_input_token;last_visible_answer_token,64,activations/aihc__3hop__clean__prompt_neutral_v1__gen_controlled_v2_5000__thinking_off/off/step_003.pt,86d2b0f43b6be81b5c0730852a166c50e62b1b13ff2ce290eadbecb301ad96ed
AIHC,aihc,aihc__3hop__clean__prompt_neutral_v1__gen_controlled_v2_5000__thinking_off,clean,3-hop,off,4,executor_1,executor,last_input_token;last_visible_answer_token,64,activations/aihc__3hop__clean__prompt_neutral_v1__gen_controlled_v2_5000__thinking_off/off/step_004.pt,da28d50e67dccd86ea66bcb00bad48fc132b821914f42d1c61e713321ad36cb0
AIHC,aihc,aihc__3hop__clean__prompt_neutral_v1__gen_controlled_v2_5000__thinking_on,clean,3-hop,on,0,planner_1,planner,last_input_token;last_reasoning_token;last_visible_answer_token,64,activations/aihc__3hop__clean__prompt_neutral_v1__gen_controlled_v2_5000__thinking_on/on/step_000.pt,4c169f801764960cc7e17f11c54760f3538d73c8c073d8e0ecaeefad8ad954eb
AIHC,aihc,aihc__3hop__clean__prompt_neutral_v1__gen_controlled_v2_5000__thinking_on,clean,3-hop,on,2,worker_1,worker,last_input_token;last_reasoning_token;last_visible_answer_token,64,activations/aihc__3hop__clean__prompt_neutral_v1__gen_controlled_v2_5000__thinking_on/on/step_002.pt,913b8208e2814e4195160173d8b5f811ec0350901cb13071dc4e00cbaae2e7b5
AIHC,aihc,aihc__3hop__clean__prompt_neutral_v1__gen_controlled_v2_5000__thinking_on,clean,3-hop,on,3,worker_2,worker,last_input_token;last_reasoning_token;last_visible_answer_token,64,activations/aihc__3hop__clean__prompt_neutral_v1__gen_controlled_v2_5000__thinking_on/on/step_003.pt,33ae8e1da45fe27700529cc38be7cd1719391d146f9f8f32e7480eeb6b117fcc
AIHC,aihc,aihc__3hop__clean__prompt_neutral_v1__gen_controlled_v2_5000__thinking_on,clean,3-hop,on,4,executor_1,executor,last_input_token;last_reasoning_token;last_visible_answer_token,64,activations/aihc__3hop__clean__prompt_neutral_v1__gen_controlled_v2_5000__thinking_on/on/step_004.pt,cb9f4f05459d8f501e3591bb5b769b2577ba98b30677b08a46514b09ab02fe89
AIHC,aihc,aihc__3hop__injected__prompt_neutral_v1__gen_controlled_v2_5000__thinking_off,injected,3-hop,off,0,planner_1,planner,last_input_token;last_visible_answer_token,64,activations/aihc__3hop__injected__prompt_neutral_v1__gen_controlled_v2_5000__thinking_off/off/step_000.pt,fb5b2fa03f376f470fb88d3aed72bddefb579f427333f5f591ca515b635f4d49
AIHC,aihc,aihc__3hop__injected__prompt_neutral_v1__gen_controlled_v2_5000__thinking_off,injected,3-hop,off,2,worker_1,worker,last_input_token;last_visible_answer_token,64,activations/aihc__3hop__injected__prompt_neutral_v1__gen_controlled_v2_5000__thinking_off/off/step_002.pt,a238825ade593db575aab842dea8334394b53fe7fc6b89dbd4a5335a1105d51e
AIHC,aihc,aihc__3hop__injected__prompt_neutral_v1__gen_controlled_v2_5000__thinking_off,injected,3-hop,off,3,worker_2,worker,last_input_token;last_visible_answer_token,64,activations/aihc__3hop__injected__prompt_neutral_v1__gen_controlled_v2_5000__thinking_off/off/step_003.pt,c64b8af05ad084e045551a9beab7d077a440dd6e671c63dba1e04e5c5459dc8b
AIHC,aihc,aihc__3hop__injected__prompt_neutral_v1__gen_controlled_v2_5000__thinking_off,injected,3-hop,off,4,executor_1,executor,last_input_token;last_visible_answer_token,64,activations/aihc__3hop__injected__prompt_neutral_v1__gen_controlled_v2_5000__thinking_off/off/step_004.pt,67e7103cd0eadef5d9dfedcee67796220b79bb1f147fabdf0dd6ed909e1d1887
AIHC,aihc,aihc__3hop__injected__prompt_neutral_v1__gen_controlled_v2_5000__thinking_on,injected,3-hop,on,0,planner_1,planner,last_input_token;last_reasoning_token;last_visible_answer_token,64,activations/aihc__3hop__injected__prompt_neutral_v1__gen_controlled_v2_5000__thinking_on/on/step_000.pt,0dd17eae87eb92e6b4274e2ee5645e66779321ce7693d7a556abdf1e7b3c1f1f
AIHC,aihc,aihc__3hop__injected__prompt_neutral_v1__gen_controlled_v2_5000__thinking_on,injected,3-hop,on,2,worker_1,worker,last_input_token;last_reasoning_token;last_visible_answer_token,64,activations/aihc__3hop__injected__prompt_neutral_v1__gen_controlled_v2_5000__thinking_on/on/step_002.pt,3ec853dd2e38ca25f0bdf9780967a3e4cac5f3c03e3b050a84fdfbe3be4f8bd0
AIHC,aihc,aihc__3hop__injected__prompt_neutral_v1__gen_controlled_v2_5000__thinking_on,injected,3-hop,on,3,worker_2,worker,last_input_token;last_reasoning_token;last_visible_answer_token,64,activations/aihc__3hop__injected__prompt_neutral_v1__gen_controlled_v2_5000__thinking_on/on/step_003.pt,d566fc6bca8191e9376f2fd8d9e83a7be4c26833e1e40b53521f6a613e960a79
AIHC,aihc,aihc__3hop__injected__prompt_neutral_v1__gen_controlled_v2_5000__thinking_on,injected,3-hop,on,4,executor_1,executor,last_input_token;last_reasoning_token;last_visible_answer_token,64,activations/aihc__3hop__injected__prompt_neutral_v1__gen_controlled_v2_5000__thinking_on/on/step_004.pt,f5a253e0b6e53f3567989ef98a647623e395c18a4aa454f66f2724265b694857
Convex,convex_open_access_v3,convex_open_access_v3__2hop__clean__prompt_neutral_v1__gen_controlled_v2_5000__thinking_off,clean,2-hop,off,0,planner_1,planner,last_input_token;last_visible_answer_token,64,activations/convex_open_access_v3__2hop__clean__prompt_neutral_v1__gen_controlled_v2_5000__thinking_off/off/step_000.pt,59d75d983f7eadee588245d956d720f97f3a13479e2f6e2b5668ba0061a0e6f2
Convex,convex_open_access_v3,convex_open_access_v3__2hop__clean__prompt_neutral_v1__gen_controlled_v2_5000__thinking_off,clean,2-hop,off,2,worker_1,worker,last_input_token;last_visible_answer_token,64,activations/convex_open_access_v3__2hop__clean__prompt_neutral_v1__gen_controlled_v2_5000__thinking_off/off/step_002.pt,c9268348b3ce7bd9969a8b1515fa0aae83922127ab620e8109822df73678471e
Convex,convex_open_access_v3,convex_open_access_v3__2hop__clean__prompt_neutral_v1__gen_controlled_v2_5000__thinking_off,clean,2-hop,off,3,executor_1,executor,last_input_token;last_visible_answer_token,64,activations/convex_open_access_v3__2hop__clean__prompt_neutral_v1__gen_controlled_v2_5000__thinking_off/off/step_003.pt,67ac82b2a4db074ad0baf7fb1c7cbec00fb5732a0b7d34f82162a5455ab52b9e
Convex,convex_open_access_v3,convex_open_access_v3__2hop__clean__prompt_neutral_v1__gen_controlled_v2_5000__thinking_on,clean,2-hop,on,0,planner_1,planner,last_input_token;last_reasoning_token;last_visible_answer_token,64,activations/convex_open_access_v3__2hop__clean__prompt_neutral_v1__gen_controlled_v2_5000__thinking_on/on/step_000.pt,e3343ebc977dd4fd75a8604bc2093ecf455b37c70a92c4335cd49dbcc7d5bb45
Convex,convex_open_access_v3,convex_open_access_v3__2hop__clean__prompt_neutral_v1__gen_controlled_v2_5000__thinking_on,clean,2-hop,on,2,worker_1,worker,last_input_token;last_reasoning_token;last_visible_answer_token,64,activations/convex_open_access_v3__2hop__clean__prompt_neutral_v1__gen_controlled_v2_5000__thinking_on/on/step_002.pt,353c89554224590ebfc398223ef232ad10524b295bf10b80d8cf37450b62a645
Convex,convex_open_access_v3,convex_open_access_v3__2hop__clean__prompt_neutral_v1__gen_controlled_v2_5000__thinking_on,clean,2-hop,on,3,executor_1,executor,last_input_token;last_reasoning_token;last_visible_answer_token,64,activations/convex_open_access_v3__2hop__clean__prompt_neutral_v1__gen_controlled_v2_5000__thinking_on/on/step_003.pt,7718eb4e103906079db493cbe911b9ec06be1f20536e8465f5e0335035dec3b0
Convex,convex_open_access_v3,convex_open_access_v3__2hop__injected__prompt_neutral_v1__gen_controlled_v2_5000__thinking_off,injected,2-hop,off,0,planner_1,planner,last_input_token;last_visible_answer_token,64,activations/convex_open_access_v3__2hop__injected__prompt_neutral_v1__gen_controlled_v2_5000__thinking_off/off/step_000.pt,01ecb8dfebfd8df585ee19770c10e1097700ed2242b2af4a63e8fefaabfdd98e
Convex,convex_open_access_v3,convex_open_access_v3__2hop__injected__prompt_neutral_v1__gen_controlled_v2_5000__thinking_off,injected,2-hop,off,2,worker_1,worker,last_input_token;last_visible_answer_token,64,activations/convex_open_access_v3__2hop__injected__prompt_neutral_v1__gen_controlled_v2_5000__thinking_off/off/step_002.pt,0e96fbfeae8332082197acbdd86aaa18a9851ea22d8fdea59fc702c56eda2814
Convex,convex_open_access_v3,convex_open_access_v3__2hop__injected__prompt_neutral_v1__gen_controlled_v2_5000__thinking_off,injected,2-hop,off,3,executor_1,executor,last_input_token;last_visible_answer_token,64,activations/convex_open_access_v3__2hop__injected__prompt_neutral_v1__gen_controlled_v2_5000__thinking_off/off/step_003.pt,5765fddb5d92a529b58cb8f9c6238c4603fb25bddd4f09f93d335f2e1808472e
Convex,convex_open_access_v3,convex_open_access_v3__2hop__injected__prompt_neutral_v1__gen_controlled_v2_5000__thinking_on,injected,2-hop,on,0,planner_1,planner,last_input_token;last_reasoning_token;last_visible_answer_token,64,activations/convex_open_access_v3__2hop__injected__prompt_neutral_v1__gen_controlled_v2_5000__thinking_on/on/step_000.pt,44b75537829f456a5daf96ea26d96667a0ce4f128b6cd115a1f22ad81d3ece49
Convex,convex_open_access_v3,convex_open_access_v3__2hop__injected__prompt_neutral_v1__gen_controlled_v2_5000__thinking_on,injected,2-hop,on,2,worker_1,worker,last_input_token;last_reasoning_token;last_visible_answer_token,64,activations/convex_open_access_v3__2hop__injected__prompt_neutral_v1__gen_controlled_v2_5000__thinking_on/on/step_002.pt,7d84683868b90e2e2e6829da2795c8bcf591b29d50e7bdd88abc8adb674e68b1
Convex,convex_open_access_v3,convex_open_access_v3__2hop__injected__prompt_neutral_v1__gen_controlled_v2_5000__thinking_on,injected,2-hop,on,3,executor_1,executor,last_input_token;last_reasoning_token;last_visible_answer_token,64,activations/convex_open_access_v3__2hop__injected__prompt_neutral_v1__gen_controlled_v2_5000__thinking_on/on/step_003.pt,24907753e48fd0dc66912fb40ab877b6df87a200b764485189208a2f7059c469
Convex,convex_open_access_v3,convex_open_access_v3__3hop__clean__prompt_neutral_v1__gen_controlled_v2_5000__thinking_off,clean,3-hop,off,0,planner_1,planner,last_input_token;last_visible_answer_token,64,activations/convex_open_access_v3__3hop__clean__prompt_neutral_v1__gen_controlled_v2_5000__thinking_off/off/step_000.pt,3d5b010ccef43837220799f8f3f2f8184937a337b51c40c2dd243e2cc0a1ebc3
Convex,convex_open_access_v3,convex_open_access_v3__3hop__clean__prompt_neutral_v1__gen_controlled_v2_5000__thinking_off,clean,3-hop,off,2,worker_1,worker,last_input_token;last_visible_answer_token,64,activations/convex_open_access_v3__3hop__clean__prompt_neutral_v1__gen_controlled_v2_5000__thinking_off/off/step_002.pt,7919d0c3f0133a8791fec436fc937aea44110006b1b014324da6194f8379a677
Convex,convex_open_access_v3,convex_open_access_v3__3hop__clean__prompt_neutral_v1__gen_controlled_v2_5000__thinking_off,clean,3-hop,off,3,worker_2,worker,last_input_token;last_visible_answer_token,64,activations/convex_open_access_v3__3hop__clean__prompt_neutral_v1__gen_controlled_v2_5000__thinking_off/off/step_003.pt,7345f5badfbefbc87fa0d4879439f6039cb63547818c582f167a97c3deb94280
Convex,convex_open_access_v3,convex_open_access_v3__3hop__clean__prompt_neutral_v1__gen_controlled_v2_5000__thinking_off,clean,3-hop,off,4,executor_1,executor,last_input_token;last_visible_answer_token,64,activations/convex_open_access_v3__3hop__clean__prompt_neutral_v1__gen_controlled_v2_5000__thinking_off/off/step_004.pt,27639888e12d0e000d6da7e9d2d7e69f0fc049ceaf772c2362fe27e87ac50e5e
Convex,convex_open_access_v3,convex_open_access_v3__3hop__clean__prompt_neutral_v1__gen_controlled_v2_5000__thinking_on,clean,3-hop,on,0,planner_1,planner,last_input_token;last_reasoning_token;last_visible_answer_token,64,activations/convex_open_access_v3__3hop__clean__prompt_neutral_v1__gen_controlled_v2_5000__thinking_on/on/step_000.pt,21dc2393f2efaf742a5296f4acfbf9f5cc8b2c23dcd5e95ad36f4d2fe2746d4d
Convex,convex_open_access_v3,convex_open_access_v3__3hop__clean__prompt_neutral_v1__gen_controlled_v2_5000__thinking_on,clean,3-hop,on,2,worker_1,worker,last_input_token;last_reasoning_token;last_visible_answer_token,64,activations/convex_open_access_v3__3hop__clean__prompt_neutral_v1__gen_controlled_v2_5000__thinking_on/on/step_002.pt,e65d9651a9d0af9afa94894035cd79634d6e2739d610eb4963a6bb94040b1784
Convex,convex_open_access_v3,convex_open_access_v3__3hop__clean__prompt_neutral_v1__gen_controlled_v2_5000__thinking_on,clean,3-hop,on,3,worker_2,worker,last_input_token;last_reasoning_token;last_visible_answer_token,64,activations/convex_open_access_v3__3hop__clean__prompt_neutral_v1__gen_controlled_v2_5000__thinking_on/on/step_003.pt,8cca282b266fbca51716e66dc11c8d47f22c85bf61a6790970c97fb95dc0a919
Convex,convex_open_access_v3,convex_open_access_v3__3hop__clean__prompt_neutral_v1__gen_controlled_v2_5000__thinking_on,clean,3-hop,on,4,executor_1,executor,last_input_token;last_reasoning_token;last_visible_answer_token,64,activations/convex_open_access_v3__3hop__clean__prompt_neutral_v1__gen_controlled_v2_5000__thinking_on/on/step_004.pt,18aae19f06c8a5b288204c810e8dc3394005dcb180b03c8ed7b5f99087c50680
Convex,convex_open_access_v3,convex_open_access_v3__3hop__injected__prompt_neutral_v1__gen_controlled_v2_5000__thinking_off,injected,3-hop,off,0,planner_1,planner,last_input_token;last_visible_answer_token,64,activations/convex_open_access_v3__3hop__injected__prompt_neutral_v1__gen_controlled_v2_5000__thinking_off/off/step_000.pt,863f3f5b87d03a4dff769a5096ef4fadacb978a2692367a42dbc4dcbd91a6fd1
Convex,convex_open_access_v3,convex_open_access_v3__3hop__injected__prompt_neutral_v1__gen_controlled_v2_5000__thinking_off,injected,3-hop,off,2,worker_1,worker,last_input_token;last_visible_answer_token,64,activations/convex_open_access_v3__3hop__injected__prompt_neutral_v1__gen_controlled_v2_5000__thinking_off/off/step_002.pt,421ecb696d7fef4abf89877436fa3085b8f8280817c3ef253f2d90bf38f77ef8
Convex,convex_open_access_v3,convex_open_access_v3__3hop__injected__prompt_neutral_v1__gen_controlled_v2_5000__thinking_off,injected,3-hop,off,3,worker_2,worker,last_input_token;last_visible_answer_token,64,activations/convex_open_access_v3__3hop__injected__prompt_neutral_v1__gen_controlled_v2_5000__thinking_off/off/step_003.pt,8a5130c01ef1800252e07c946dc8ea12e315824744b82519ad643440a06a41e2
Convex,convex_open_access_v3,convex_open_access_v3__3hop__injected__prompt_neutral_v1__gen_controlled_v2_5000__thinking_off,injected,3-hop,off,4,executor_1,executor,last_input_token;last_visible_answer_token,64,activations/convex_open_access_v3__3hop__injected__prompt_neutral_v1__gen_controlled_v2_5000__thinking_off/off/step_004.pt,e304be2e9c554ec1d21b38007e5314a09e25b546a88487a12b45212c1341bdb6
Convex,convex_open_access_v3,convex_open_access_v3__3hop__injected__prompt_neutral_v1__gen_controlled_v2_5000__thinking_on,injected,3-hop,on,0,planner_1,planner,last_input_token;last_reasoning_token;last_visible_answer_token,64,activations/convex_open_access_v3__3hop__injected__prompt_neutral_v1__gen_controlled_v2_5000__thinking_on/on/step_000.pt,84ca4518fedde004741074baaa875ee778ffc8e025f5aaef4bbea433a4126c0d
Convex,convex_open_access_v3,convex_open_access_v3__3hop__injected__prompt_neutral_v1__gen_controlled_v2_5000__thinking_on,injected,3-hop,on,2,worker_1,worker,last_input_token;last_reasoning_token;last_visible_answer_token,64,activations/convex_open_access_v3__3hop__injected__prompt_neutral_v1__gen_controlled_v2_5000__thinking_on/on/step_002.pt,c348ed7d37068113a3caa937a4968be066207c39b0c5f526ab83c1d7332b44f3
Convex,convex_open_access_v3,convex_open_access_v3__3hop__injected__prompt_neutral_v1__gen_controlled_v2_5000__thinking_on,injected,3-hop,on,3,worker_2,worker,last_input_token;last_reasoning_token;last_visible_answer_token,64,activations/convex_open_access_v3__3hop__injected__prompt_neutral_v1__gen_controlled_v2_5000__thinking_on/on/step_003.pt,83241823e4b2cc89ce819b31850150f0485f4e5b1f7d5047e4fe467de434bbfa
Convex,convex_open_access_v3,convex_open_access_v3__3hop__injected__prompt_neutral_v1__gen_controlled_v2_5000__thinking_on,injected,3-hop,on,4,executor_1,executor,last_input_token;last_reasoning_token;last_visible_answer_token,64,activations/convex_open_access_v3__3hop__injected__prompt_neutral_v1__gen_controlled_v2_5000__thinking_on/on/step_004.pt,9823b6f78b21637156b4c3cf3fd44853cc8fb0701880668534964e9d45c6f5f9
Finance,fin,fin__2hop__clean__prompt_neutral_v1__gen_controlled_v2_5000__thinking_off,clean,2-hop,off,0,planner_1,planner,last_input_token;last_visible_answer_token,64,activations/fin__2hop__clean__prompt_neutral_v1__gen_controlled_v2_5000__thinking_off/off/step_000.pt,f6bf73bebd4b83c2d811bba9d920d5811b25f4c98a56a35ca67e243d31467f8d
Finance,fin,fin__2hop__clean__prompt_neutral_v1__gen_controlled_v2_5000__thinking_off,clean,2-hop,off,2,worker_1,worker,last_input_token;last_visible_answer_token,64,activations/fin__2hop__clean__prompt_neutral_v1__gen_controlled_v2_5000__thinking_off/off/step_002.pt,60be71f8639a4f5e0282850ef2e7fadec837bc616f1eff3ead5ae826a5767f58
Finance,fin,fin__2hop__clean__prompt_neutral_v1__gen_controlled_v2_5000__thinking_off,clean,2-hop,off,3,executor_1,executor,last_input_token;last_visible_answer_token,64,activations/fin__2hop__clean__prompt_neutral_v1__gen_controlled_v2_5000__thinking_off/off/step_003.pt,f917ba5ebabf366699832db0bb03a5e70166903265cd8fb81c3c75644edd341a
Finance,fin,fin__2hop__clean__prompt_neutral_v1__gen_controlled_v2_5000__thinking_on,clean,2-hop,on,0,planner_1,planner,last_input_token;last_reasoning_token;last_visible_answer_token,64,activations/fin__2hop__clean__prompt_neutral_v1__gen_controlled_v2_5000__thinking_on/on/step_000.pt,e3f21b2db0ad7890afdf588fd322cd818ae1fc47a56c181eb7b230ac69c7e4e7
Finance,fin,fin__2hop__clean__prompt_neutral_v1__gen_controlled_v2_5000__thinking_on,clean,2-hop,on,2,worker_1,worker,last_input_token;last_reasoning_token;last_visible_answer_token,64,activations/fin__2hop__clean__prompt_neutral_v1__gen_controlled_v2_5000__thinking_on/on/step_002.pt,be0f48306f1ddf6ca07edca9701d3da6fbec272a7a7cc5ad2306ce6725ae72d1
Finance,fin,fin__2hop__clean__prompt_neutral_v1__gen_controlled_v2_5000__thinking_on,clean,2-hop,on,3,executor_1,executor,last_input_token;last_reasoning_token;last_visible_answer_token,64,activations/fin__2hop__clean__prompt_neutral_v1__gen_controlled_v2_5000__thinking_on/on/step_003.pt,9903b63d68903159fc3042017e2d8c2e496d285135d4fdf1dc06ffe9e2b6ab5d
Finance,fin,fin__2hop__injected__prompt_neutral_v1__gen_controlled_v2_5000__thinking_off,injected,2-hop,off,0,planner_1,planner,last_input_token;last_visible_answer_token,64,activations/fin__2hop__injected__prompt_neutral_v1__gen_controlled_v2_5000__thinking_off/off/step_000.pt,74085f0f25e7d2c0399bc370973ef96793e14b989b1c1b971254ba8728e284fa
Finance,fin,fin__2hop__injected__prompt_neutral_v1__gen_controlled_v2_5000__thinking_off,injected,2-hop,off,2,worker_1,worker,last_input_token;last_visible_answer_token,64,activations/fin__2hop__injected__prompt_neutral_v1__gen_controlled_v2_5000__thinking_off/off/step_002.pt,2074fd58b3ce0feaf4cc0521af21c3f5f39df91d43d0b51cd9134b105d9661e9
Finance,fin,fin__2hop__injected__prompt_neutral_v1__gen_controlled_v2_5000__thinking_off,injected,2-hop,off,3,executor_1,executor,last_input_token;last_visible_answer_token,64,activations/fin__2hop__injected__prompt_neutral_v1__gen_controlled_v2_5000__thinking_off/off/step_003.pt,e43c318f6b583f033c97f633a6a380f8b2ea650655a7766f4c4837e4f7f52b99
Finance,fin,fin__2hop__injected__prompt_neutral_v1__gen_controlled_v2_5000__thinking_on,injected,2-hop,on,0,planner_1,planner,last_input_token;last_reasoning_token;last_visible_answer_token,64,activations/fin__2hop__injected__prompt_neutral_v1__gen_controlled_v2_5000__thinking_on/on/step_000.pt,400f7a6cfaea34879800b57cbce5a9a810dc1da9bd2945ceeb3886ee2decf511
Finance,fin,fin__2hop__injected__prompt_neutral_v1__gen_controlled_v2_5000__thinking_on,injected,2-hop,on,2,worker_1,worker,last_input_token;last_reasoning_token;last_visible_answer_token,64,activations/fin__2hop__injected__prompt_neutral_v1__gen_controlled_v2_5000__thinking_on/on/step_002.pt,b8f145d273458d2e5f89c673a5026f9f3309aeaf7ac70977460877a170b073ab
Finance,fin,fin__2hop__injected__prompt_neutral_v1__gen_controlled_v2_5000__thinking_on,injected,2-hop,on,3,executor_1,executor,last_input_token;last_reasoning_token;last_visible_answer_token,64,activations/fin__2hop__injected__prompt_neutral_v1__gen_controlled_v2_5000__thinking_on/on/step_003.pt,8e5062e409d7b43e46bc22e370fa739df8ae6280882594ec2215811c5cf154cf
Finance,fin,fin__3hop__clean__prompt_neutral_v1__gen_controlled_v2_5000__thinking_off,clean,3-hop,off,0,planner_1,planner,last_input_token;last_visible_answer_token,64,activations/fin__3hop__clean__prompt_neutral_v1__gen_controlled_v2_5000__thinking_off/off/step_000.pt,04d76292103e290ae5aa6e8e66f2b14a85c7f786b56bb73d8525b7d98290973b
Finance,fin,fin__3hop__clean__prompt_neutral_v1__gen_controlled_v2_5000__thinking_off,clean,3-hop,off,2,worker_1,worker,last_input_token;last_visible_answer_token,64,activations/fin__3hop__clean__prompt_neutral_v1__gen_controlled_v2_5000__thinking_off/off/step_002.pt,428a912e2a039f64b2213277d72f3104209ef1371d9990a1ef37b4d1e04adfb3
Finance,fin,fin__3hop__clean__prompt_neutral_v1__gen_controlled_v2_5000__thinking_off,clean,3-hop,off,3,worker_2,worker,last_input_token;last_visible_answer_token,64,activations/fin__3hop__clean__prompt_neutral_v1__gen_controlled_v2_5000__thinking_off/off/step_003.pt,16f52b675e94ab30f3bf1dbd749927bfd4b9bc461499c420dda0e3ba2a66c0b4
Finance,fin,fin__3hop__clean__prompt_neutral_v1__gen_controlled_v2_5000__thinking_off,clean,3-hop,off,4,executor_1,executor,last_input_token;last_visible_answer_token,64,activations/fin__3hop__clean__prompt_neutral_v1__gen_controlled_v2_5000__thinking_off/off/step_004.pt,bb0b01412d6aabf8caddf9283abc4664e76e9bea7ece6cfaa1be4873d4da19d1
Finance,fin,fin__3hop__clean__prompt_neutral_v1__gen_controlled_v2_5000__thinking_on,clean,3-hop,on,0,planner_1,planner,last_input_token;last_reasoning_token;last_visible_answer_token,64,activations/fin__3hop__clean__prompt_neutral_v1__gen_controlled_v2_5000__thinking_on/on/step_000.pt,129b78eddc99e3630eff7933e00c8abd93cb8faf5c9e88e6642cbb0dfec472f0
Finance,fin,fin__3hop__clean__prompt_neutral_v1__gen_controlled_v2_5000__thinking_on,clean,3-hop,on,2,worker_1,worker,last_input_token;last_reasoning_token;last_visible_answer_token,64,activations/fin__3hop__clean__prompt_neutral_v1__gen_controlled_v2_5000__thinking_on/on/step_002.pt,19acff5f530e1565e685dc21085fe5c9e92b0008210cbeef29053eda9f1e9c66
Finance,fin,fin__3hop__clean__prompt_neutral_v1__gen_controlled_v2_5000__thinking_on,clean,3-hop,on,3,worker_2,worker,last_input_token;last_reasoning_token;last_visible_answer_token,64,activations/fin__3hop__clean__prompt_neutral_v1__gen_controlled_v2_5000__thinking_on/on/step_003.pt,a90d14eb2dc891fa4a84c5c054122cd4ee7515fc7da4014601fb5e8bd40f1d38
Finance,fin,fin__3hop__clean__prompt_neutral_v1__gen_controlled_v2_5000__thinking_on,clean,3-hop,on,4,executor_1,executor,last_input_token;last_reasoning_token;last_visible_answer_token,64,activations/fin__3hop__clean__prompt_neutral_v1__gen_controlled_v2_5000__thinking_on/on/step_004.pt,0b4cb2e56464c7c681332279f10428557cf9739a5a27eecd6c4d56735fd4487e
Finance,fin,fin__3hop__injected__prompt_neutral_v1__gen_controlled_v2_5000__thinking_off,injected,3-hop,off,0,planner_1,planner,last_input_token;last_visible_answer_token,64,activations/fin__3hop__injected__prompt_neutral_v1__gen_controlled_v2_5000__thinking_off/off/step_000.pt,c6cfe7d80c3b673ebe590fa1da17efbd88d2395e8dc5906ed2ddaad600002c90
Finance,fin,fin__3hop__injected__prompt_neutral_v1__gen_controlled_v2_5000__thinking_off,injected,3-hop,off,2,worker_1,worker,last_input_token;last_visible_answer_token,64,activations/fin__3hop__injected__prompt_neutral_v1__gen_controlled_v2_5000__thinking_off/off/step_002.pt,b9cc6c494bfa258658b98d30210c060ec989b414a064e619397ce756be466298
Finance,fin,fin__3hop__injected__prompt_neutral_v1__gen_controlled_v2_5000__thinking_off,injected,3-hop,off,3,worker_2,worker,last_input_token;last_visible_answer_token,64,activations/fin__3hop__injected__prompt_neutral_v1__gen_controlled_v2_5000__thinking_off/off/step_003.pt,56e371f3ec4e710af9586073d6da462a89a7a9448cf1358aef4f53bec510d3b6
Finance,fin,fin__3hop__injected__prompt_neutral_v1__gen_controlled_v2_5000__thinking_off,injected,3-hop,off,4,executor_1,executor,last_input_token;last_visible_answer_token,64,activations/fin__3hop__injected__prompt_neutral_v1__gen_controlled_v2_5000__thinking_off/off/step_004.pt,74b67543dd456b708a51391380ee5c59ae2c052bf361bdda7fa0278a2150fd43
Finance,fin,fin__3hop__injected__prompt_neutral_v1__gen_controlled_v2_5000__thinking_on,injected,3-hop,on,0,planner_1,planner,last_input_token;last_reasoning_token;last_visible_answer_token,64,activations/fin__3hop__injected__prompt_neutral_v1__gen_controlled_v2_5000__thinking_on/on/step_000.pt,777d1cb8f91426f0cf7adfdb5d7847672045033554bc9eb0f2f91ffac19ede7f
Finance,fin,fin__3hop__injected__prompt_neutral_v1__gen_controlled_v2_5000__thinking_on,injected,3-hop,on,2,worker_1,worker,last_input_token;last_reasoning_token;last_visible_answer_token,64,activations/fin__3hop__injected__prompt_neutral_v1__gen_controlled_v2_5000__thinking_on/on/step_002.pt,5a713a6e34d9e5f04b64a2c4f68854b4c831434d3c1f9374fa0312753dd49044
Finance,fin,fin__3hop__injected__prompt_neutral_v1__gen_controlled_v2_5000__thinking_on,injected,3-hop,on,3,worker_2,worker,last_input_token;last_reasoning_token;last_visible_answer_token,64,activations/fin__3hop__injected__prompt_neutral_v1__gen_controlled_v2_5000__thinking_on/on/step_003.pt,b41775ed34fd0672bc3e625998dc1eb9c9e11905f18a181538b39313996a6e6b
Finance,fin,fin__3hop__injected__prompt_neutral_v1__gen_controlled_v2_5000__thinking_on,injected,3-hop,on,4,executor_1,executor,last_input_token;last_reasoning_token;last_visible_answer_token,64,activations/fin__3hop__injected__prompt_neutral_v1__gen_controlled_v2_5000__thinking_on/on/step_004.pt,d3a4719d84b0887ec4d6502467e2b525a25550b556214e1c58755bbd79f91b17
Knowledge Graphs,kg,kg__2hop__clean__prompt_neutral_v1__gen_controlled_v2_5000__thinking_off,clean,2-hop,off,0,planner_1,planner,last_input_token;last_visible_answer_token,64,activations/kg__2hop__clean__prompt_neutral_v1__gen_controlled_v2_5000__thinking_off/off/step_000.pt,74a824659ee6fa515c040a842bcbc235e66c7cff3fb02f0b023c15e357b25af4
Knowledge Graphs,kg,kg__2hop__clean__prompt_neutral_v1__gen_controlled_v2_5000__thinking_off,clean,2-hop,off,2,worker_1,worker,last_input_token;last_visible_answer_token,64,activations/kg__2hop__clean__prompt_neutral_v1__gen_controlled_v2_5000__thinking_off/off/step_002.pt,abf6de781d24d3751b55944e69aae1e410be74cc349834cd3fbec5a05f1991ae
Knowledge Graphs,kg,kg__2hop__clean__prompt_neutral_v1__gen_controlled_v2_5000__thinking_off,clean,2-hop,off,3,executor_1,executor,last_input_token;last_visible_answer_token,64,activations/kg__2hop__clean__prompt_neutral_v1__gen_controlled_v2_5000__thinking_off/off/step_003.pt,c5003ae337af5c5e66c5e0db719839cc0b5299a07d1339fd84e31e7662acfb9f
Knowledge Graphs,kg,kg__2hop__clean__prompt_neutral_v1__gen_controlled_v2_5000__thinking_on,clean,2-hop,on,0,planner_1,planner,last_input_token;last_reasoning_token;last_visible_answer_token,64,activations/kg__2hop__clean__prompt_neutral_v1__gen_controlled_v2_5000__thinking_on/on/step_000.pt,cdd03dd2a05f25ee8a67173ec90d1af8acdfc5ccc5e453025afd3ce180bd3cdf
Knowledge Graphs,kg,kg__2hop__clean__prompt_neutral_v1__gen_controlled_v2_5000__thinking_on,clean,2-hop,on,2,worker_1,worker,last_input_token;last_reasoning_token;last_visible_answer_token,64,activations/kg__2hop__clean__prompt_neutral_v1__gen_controlled_v2_5000__thinking_on/on/step_002.pt,916052c0ceafe8083bfb003dace92463d204389427ac509448a5d8a852922960
Knowledge Graphs,kg,kg__2hop__clean__prompt_neutral_v1__gen_controlled_v2_5000__thinking_on,clean,2-hop,on,3,executor_1,executor,last_input_token;last_reasoning_token;last_visible_answer_token,64,activations/kg__2hop__clean__prompt_neutral_v1__gen_controlled_v2_5000__thinking_on/on/step_003.pt,8a407c298f1f2724e2a3365afd289710fc9dfc2ca43be29f1f58463a0986ce87
Knowledge Graphs,kg,kg__2hop__injected__prompt_neutral_v1__gen_controlled_v2_5000__thinking_off,injected,2-hop,off,0,planner_1,planner,last_input_token;last_visible_answer_token,64,activations/kg__2hop__injected__prompt_neutral_v1__gen_controlled_v2_5000__thinking_off/off/step_000.pt,03cd829840dcb7e4c7a6064e8347a829d1d43748a71f50d0f3af7b404d8cf229
Knowledge Graphs,kg,kg__2hop__injected__prompt_neutral_v1__gen_controlled_v2_5000__thinking_off,injected,2-hop,off,2,worker_1,worker,last_input_token;last_visible_answer_token,64,activations/kg__2hop__injected__prompt_neutral_v1__gen_controlled_v2_5000__thinking_off/off/step_002.pt,68a94ecc009a57d28c536256a87bc43f207190eb60fc64d5be7fdea16823bd49
Knowledge Graphs,kg,kg__2hop__injected__prompt_neutral_v1__gen_controlled_v2_5000__thinking_off,injected,2-hop,off,3,executor_1,executor,last_input_token;last_visible_answer_token,64,activations/kg__2hop__injected__prompt_neutral_v1__gen_controlled_v2_5000__thinking_off/off/step_003.pt,0220eef0a7299d24403902631d31b7c695af4ff0d6ad2d35fd478605e54bfa04
Knowledge Graphs,kg,kg__2hop__injected__prompt_neutral_v1__gen_controlled_v2_5000__thinking_on,injected,2-hop,on,0,planner_1,planner,last_input_token;last_reasoning_token;last_visible_answer_token,64,activations/kg__2hop__injected__prompt_neutral_v1__gen_controlled_v2_5000__thinking_on/on/step_000.pt,270eb50f198f2c78a20ce4320046743dda6edc2404df47338148bdf282b5a71a
Knowledge Graphs,kg,kg__2hop__injected__prompt_neutral_v1__gen_controlled_v2_5000__thinking_on,injected,2-hop,on,2,worker_1,worker,last_input_token;last_reasoning_token;last_visible_answer_token,64,activations/kg__2hop__injected__prompt_neutral_v1__gen_controlled_v2_5000__thinking_on/on/step_002.pt,0546b1ecf28d254703343fa46cf59c6df94af189756c346daec3de742166d1dd
Knowledge Graphs,kg,kg__2hop__injected__prompt_neutral_v1__gen_controlled_v2_5000__thinking_on,injected,2-hop,on,3,executor_1,executor,last_input_token;last_reasoning_token;last_visible_answer_token,64,activations/kg__2hop__injected__prompt_neutral_v1__gen_controlled_v2_5000__thinking_on/on/step_003.pt,4e3cd93682a4035ec054d364f5d39ed660ca06b199fdb1ab4e4e37416d756fb6
Knowledge Graphs,kg,kg__3hop__clean__prompt_neutral_v1__gen_controlled_v2_5000__thinking_off,clean,3-hop,off,0,planner_1,planner,last_input_token;last_visible_answer_token,64,activations/kg__3hop__clean__prompt_neutral_v1__gen_controlled_v2_5000__thinking_off/off/step_000.pt,74a824659ee6fa515c040a842bcbc235e66c7cff3fb02f0b023c15e357b25af4
Knowledge Graphs,kg,kg__3hop__clean__prompt_neutral_v1__gen_controlled_v2_5000__thinking_off,clean,3-hop,off,2,worker_1,worker,last_input_token;last_visible_answer_token,64,activations/kg__3hop__clean__prompt_neutral_v1__gen_controlled_v2_5000__thinking_off/off/step_002.pt,95033bd9c936637b17cdaf1528e4ec594a77c34b8709137ae48abe80361d28ac
Knowledge Graphs,kg,kg__3hop__clean__prompt_neutral_v1__gen_controlled_v2_5000__thinking_off,clean,3-hop,off,3,worker_2,worker,last_input_token;last_visible_answer_token,64,activations/kg__3hop__clean__prompt_neutral_v1__gen_controlled_v2_5000__thinking_off/off/step_003.pt,3d8bc8f8c7d35e0a1dbfffb2471cef836d173a3456f81079d6dba1102f16adda
Knowledge Graphs,kg,kg__3hop__clean__prompt_neutral_v1__gen_controlled_v2_5000__thinking_off,clean,3-hop,off,4,executor_1,executor,last_input_token;last_visible_answer_token,64,activations/kg__3hop__clean__prompt_neutral_v1__gen_controlled_v2_5000__thinking_off/off/step_004.pt,f36ed493d652ea3bf53bf760e51f81dd1055947b2645f1b5c07dc42a7a70cea2
Knowledge Graphs,kg,kg__3hop__clean__prompt_neutral_v1__gen_controlled_v2_5000__thinking_on,clean,3-hop,on,0,planner_1,planner,last_input_token;last_reasoning_token;last_visible_answer_token,64,activations/kg__3hop__clean__prompt_neutral_v1__gen_controlled_v2_5000__thinking_on/on/step_000.pt,825ad69cf07c3cc0c50996ebc3f9bb780ae8c1b28d75b904d3fd6a8d92a22a12
Knowledge Graphs,kg,kg__3hop__clean__prompt_neutral_v1__gen_controlled_v2_5000__thinking_on,clean,3-hop,on,2,worker_1,worker,last_input_token;last_reasoning_token;last_visible_answer_token,64,activations/kg__3hop__clean__prompt_neutral_v1__gen_controlled_v2_5000__thinking_on/on/step_002.pt,1a0ddf32ffd4743d2ad772964e35da0cf9f1dcfd2bf986157c1b3556e0b37ead
Knowledge Graphs,kg,kg__3hop__clean__prompt_neutral_v1__gen_controlled_v2_5000__thinking_on,clean,3-hop,on,3,worker_2,worker,last_input_token;last_reasoning_token;last_visible_answer_token,64,activations/kg__3hop__clean__prompt_neutral_v1__gen_controlled_v2_5000__thinking_on/on/step_003.pt,dd69a92a7064766b134e29971da5f99b3035f08ebe8988f422319fa421d4994b
Knowledge Graphs,kg,kg__3hop__clean__prompt_neutral_v1__gen_controlled_v2_5000__thinking_on,clean,3-hop,on,4,executor_1,executor,last_input_token;last_reasoning_token;last_visible_answer_token,64,activations/kg__3hop__clean__prompt_neutral_v1__gen_controlled_v2_5000__thinking_on/on/step_004.pt,579e79b23caf8a392e9bad6acd57b47a27a7264a4f17db94e9397157d2467e04
Knowledge Graphs,kg,kg__3hop__injected__prompt_neutral_v1__gen_controlled_v2_5000__thinking_off,injected,3-hop,off,0,planner_1,planner,last_input_token;last_visible_answer_token,64,activations/kg__3hop__injected__prompt_neutral_v1__gen_controlled_v2_5000__thinking_off/off/step_000.pt,74a824659ee6fa515c040a842bcbc235e66c7cff3fb02f0b023c15e357b25af4
Knowledge Graphs,kg,kg__3hop__injected__prompt_neutral_v1__gen_controlled_v2_5000__thinking_off,injected,3-hop,off,2,worker_1,worker,last_input_token;last_visible_answer_token,64,activations/kg__3hop__injected__prompt_neutral_v1__gen_controlled_v2_5000__thinking_off/off/step_002.pt,20f3cf865be52bcf9a62ea1c1c9a36ed8b8acc796ca5043e269448859dec510c
Knowledge Graphs,kg,kg__3hop__injected__prompt_neutral_v1__gen_controlled_v2_5000__thinking_off,injected,3-hop,off,3,worker_2,worker,last_input_token;last_visible_answer_token,64,activations/kg__3hop__injected__prompt_neutral_v1__gen_controlled_v2_5000__thinking_off/off/step_003.pt,2f962f3f864373eaaf7c46aa62d114bd384756619a8384544d2643c4cf9332b2
Knowledge Graphs,kg,kg__3hop__injected__prompt_neutral_v1__gen_controlled_v2_5000__thinking_off,injected,3-hop,off,4,executor_1,executor,last_input_token;last_visible_answer_token,64,activations/kg__3hop__injected__prompt_neutral_v1__gen_controlled_v2_5000__thinking_off/off/step_004.pt,70be29b108854241c9af5f60b5d2b27343e3cb00ec03aa903aba5a180b82406a
Knowledge Graphs,kg,kg__3hop__injected__prompt_neutral_v1__gen_controlled_v2_5000__thinking_on,injected,3-hop,on,0,planner_1,planner,last_input_token;last_reasoning_token;last_visible_answer_token,64,activations/kg__3hop__injected__prompt_neutral_v1__gen_controlled_v2_5000__thinking_on/on/step_000.pt,cea128d7eac803fc3d2f7e8d390672df926c6e2b375246bae2bd5ec40aa476ec
Knowledge Graphs,kg,kg__3hop__injected__prompt_neutral_v1__gen_controlled_v2_5000__thinking_on,injected,3-hop,on,2,worker_1,worker,last_input_token;last_reasoning_token;last_visible_answer_token,64,activations/kg__3hop__injected__prompt_neutral_v1__gen_controlled_v2_5000__thinking_on/on/step_002.pt,c66706c98dac6c5c4a79aeca1c2acea64da1a886e602fb7daec674125aee5a82
Knowledge Graphs,kg,kg__3hop__injected__prompt_neutral_v1__gen_controlled_v2_5000__thinking_on,injected,3-hop,on,3,worker_2,worker,last_input_token;last_reasoning_token;last_visible_answer_token,64,activations/kg__3hop__injected__prompt_neutral_v1__gen_controlled_v2_5000__thinking_on/on/step_003.pt,1fe104ac86330563e3859b85ccf7ab33a19bea4220c9a8d1fba2d5f765ac6e53
Knowledge Graphs,kg,kg__3hop__injected__prompt_neutral_v1__gen_controlled_v2_5000__thinking_on,injected,3-hop,on,4,executor_1,executor,last_input_token;last_reasoning_token;last_visible_answer_token,64,activations/kg__3hop__injected__prompt_neutral_v1__gen_controlled_v2_5000__thinking_on/on/step_004.pt,f48940aaf1147bfa55aa1c638e760975ccd254049d450a99f28e6b6f7b873510
Macro,macro,macro__2hop__clean__prompt_neutral_v1__gen_controlled_v2_5000__thinking_off,clean,2-hop,off,0,planner_1,planner,last_input_token;last_visible_answer_token,64,activations/macro__2hop__clean__prompt_neutral_v1__gen_controlled_v2_5000__thinking_off/off/step_000.pt,eb163a4addc952ba3075c4a5980d7e96508778b7c2e14d591ea42671b922ecd7
Macro,macro,macro__2hop__clean__prompt_neutral_v1__gen_controlled_v2_5000__thinking_off,clean,2-hop,off,2,worker_1,worker,last_input_token;last_visible_answer_token,64,activations/macro__2hop__clean__prompt_neutral_v1__gen_controlled_v2_5000__thinking_off/off/step_002.pt,acb7e0a977640543d2876e7236570d8c1ad58d9593d6d9480f5cd0bb4ad5109f
Macro,macro,macro__2hop__clean__prompt_neutral_v1__gen_controlled_v2_5000__thinking_off,clean,2-hop,off,3,executor_1,executor,last_input_token;last_visible_answer_token,64,activations/macro__2hop__clean__prompt_neutral_v1__gen_controlled_v2_5000__thinking_off/off/step_003.pt,561713166426e5141a2b1871dff8331593465ee6a8e837cdbc66239565818b0c
Macro,macro,macro__2hop__clean__prompt_neutral_v1__gen_controlled_v2_5000__thinking_on,clean,2-hop,on,0,planner_1,planner,last_input_token;last_reasoning_token;last_visible_answer_token,64,activations/macro__2hop__clean__prompt_neutral_v1__gen_controlled_v2_5000__thinking_on/on/step_000.pt,a26ede99a67396f6045855a53bfaf0aec0b45347cf79fd859935e34a400ca9ca
Macro,macro,macro__2hop__clean__prompt_neutral_v1__gen_controlled_v2_5000__thinking_on,clean,2-hop,on,2,worker_1,worker,last_input_token;last_reasoning_token;last_visible_answer_token,64,activations/macro__2hop__clean__prompt_neutral_v1__gen_controlled_v2_5000__thinking_on/on/step_002.pt,55499e7d3551ff8012dfb327a7f62483bbc13a829dedc7531474ebae92e06628
Macro,macro,macro__2hop__clean__prompt_neutral_v1__gen_controlled_v2_5000__thinking_on,clean,2-hop,on,3,executor_1,executor,last_input_token;last_reasoning_token;last_visible_answer_token,64,activations/macro__2hop__clean__prompt_neutral_v1__gen_controlled_v2_5000__thinking_on/on/step_003.pt,edf48298c3a5c336c9149e4ccab5578e568a34875617448e69d33c2ca5355e85
Macro,macro,macro__2hop__injected__prompt_neutral_v1__gen_controlled_v2_5000__thinking_off,injected,2-hop,off,0,planner_1,planner,last_input_token;last_visible_answer_token,64,activations/macro__2hop__injected__prompt_neutral_v1__gen_controlled_v2_5000__thinking_off/off/step_000.pt,e387a6794ca4f9ce9be106a78195c59a66444ca5ea27e51638c4a8a89d70567b
Macro,macro,macro__2hop__injected__prompt_neutral_v1__gen_controlled_v2_5000__thinking_off,injected,2-hop,off,2,worker_1,worker,last_input_token;last_visible_answer_token,64,activations/macro__2hop__injected__prompt_neutral_v1__gen_controlled_v2_5000__thinking_off/off/step_002.pt,d413708116a6bb7c53982fa1800924940e640b7c0c47a1ec8bd619541508d1ae
Macro,macro,macro__2hop__injected__prompt_neutral_v1__gen_controlled_v2_5000__thinking_off,injected,2-hop,off,3,executor_1,executor,last_input_token;last_visible_answer_token,64,activations/macro__2hop__injected__prompt_neutral_v1__gen_controlled_v2_5000__thinking_off/off/step_003.pt,816fb7367cb691c055b8d7da1ee6413436bc33142495f92b19f83319fd8583e7
Macro,macro,macro__2hop__injected__prompt_neutral_v1__gen_controlled_v2_5000__thinking_on,injected,2-hop,on,0,planner_1,planner,last_input_token;last_reasoning_token;last_visible_answer_token,64,activations/macro__2hop__injected__prompt_neutral_v1__gen_controlled_v2_5000__thinking_on/on/step_000.pt,24d8afaf7d429ac22a4e23dcf1dc08c15bceb6af173a3ffb4449562b9181a10a
Macro,macro,macro__2hop__injected__prompt_neutral_v1__gen_controlled_v2_5000__thinking_on,injected,2-hop,on,2,worker_1,worker,last_input_token;last_reasoning_token;last_visible_answer_token,64,activations/macro__2hop__injected__prompt_neutral_v1__gen_controlled_v2_5000__thinking_on/on/step_002.pt,ba98030be53b19cc46ee9c3c02669cea2421b540e2126aa619db36e2044d5689
Macro,macro,macro__2hop__injected__prompt_neutral_v1__gen_controlled_v2_5000__thinking_on,injected,2-hop,on,3,executor_1,executor,last_input_token;last_reasoning_token;last_visible_answer_token,64,activations/macro__2hop__injected__prompt_neutral_v1__gen_controlled_v2_5000__thinking_on/on/step_003.pt,46023d0ba9b93157879c51b3519bebe23870839c572c6ef70e5c0e9719b3bffe
Macro,macro,macro__3hop__clean__prompt_neutral_v1__gen_controlled_v2_5000__thinking_off,clean,3-hop,off,0,planner_1,planner,last_input_token;last_visible_answer_token,64,activations/macro__3hop__clean__prompt_neutral_v1__gen_controlled_v2_5000__thinking_off/off/step_000.pt,87e6d1662ee45a56af0cfd925efbf1443c73ba2e7e7cef4b7492109eb6347b24
Macro,macro,macro__3hop__clean__prompt_neutral_v1__gen_controlled_v2_5000__thinking_off,clean,3-hop,off,2,worker_1,worker,last_input_token;last_visible_answer_token,64,activations/macro__3hop__clean__prompt_neutral_v1__gen_controlled_v2_5000__thinking_off/off/step_002.pt,63fbd09866245f0d40eca8ffe93e6993a10aaefb6f4c4950ba748582421f3eb2
Macro,macro,macro__3hop__clean__prompt_neutral_v1__gen_controlled_v2_5000__thinking_off,clean,3-hop,off,3,worker_2,worker,last_input_token;last_visible_answer_token,64,activations/macro__3hop__clean__prompt_neutral_v1__gen_controlled_v2_5000__thinking_off/off/step_003.pt,315afd6d2334d283b3faa18a8e3b2874161ed2a5d48b2bd220a6c3dca9d5656d
Macro,macro,macro__3hop__clean__prompt_neutral_v1__gen_controlled_v2_5000__thinking_off,clean,3-hop,off,4,executor_1,executor,last_input_token;last_visible_answer_token,64,activations/macro__3hop__clean__prompt_neutral_v1__gen_controlled_v2_5000__thinking_off/off/step_004.pt,a1bfb78a4767f42059c90abce02d46b4b17ed31ce4766bb395a68d2505013b08
Macro,macro,macro__3hop__clean__prompt_neutral_v1__gen_controlled_v2_5000__thinking_on,clean,3-hop,on,0,planner_1,planner,last_input_token;last_reasoning_token;last_visible_answer_token,64,activations/macro__3hop__clean__prompt_neutral_v1__gen_controlled_v2_5000__thinking_on/on/step_000.pt,fa89bc70417becf9c048ad0f69962f87ad41034fd8d31bc903f5aeb63848e6a7
Macro,macro,macro__3hop__clean__prompt_neutral_v1__gen_controlled_v2_5000__thinking_on,clean,3-hop,on,2,worker_1,worker,last_input_token;last_reasoning_token;last_visible_answer_token,64,activations/macro__3hop__clean__prompt_neutral_v1__gen_controlled_v2_5000__thinking_on/on/step_002.pt,de7f30641a0183e910de67285be60053bd084c0f61a116b9def30626e60406bc
Macro,macro,macro__3hop__clean__prompt_neutral_v1__gen_controlled_v2_5000__thinking_on,clean,3-hop,on,3,worker_2,worker,last_input_token;last_reasoning_token;last_visible_answer_token,64,activations/macro__3hop__clean__prompt_neutral_v1__gen_controlled_v2_5000__thinking_on/on/step_003.pt,0d8b095f7b7c047b4b223bf7f646e318eada1194c624331220a51fd0d3d11b5d
Macro,macro,macro__3hop__clean__prompt_neutral_v1__gen_controlled_v2_5000__thinking_on,clean,3-hop,on,4,executor_1,executor,last_input_token;last_reasoning_token;last_visible_answer_token,64,activations/macro__3hop__clean__prompt_neutral_v1__gen_controlled_v2_5000__thinking_on/on/step_004.pt,4e9a9149d30d514b8c164b1c3b05779f283cc869ab21187aa8c77f60fdb8b7f1
Macro,macro,macro__3hop__injected__prompt_neutral_v1__gen_controlled_v2_5000__thinking_off,injected,3-hop,off,0,planner_1,planner,last_input_token;last_visible_answer_token,64,activations/macro__3hop__injected__prompt_neutral_v1__gen_controlled_v2_5000__thinking_off/off/step_000.pt,507ecdccda82fba220b8656e401f6b5a78dc8862700ad5cbea54cc6bec03d4a3
Macro,macro,macro__3hop__injected__prompt_neutral_v1__gen_controlled_v2_5000__thinking_off,injected,3-hop,off,2,worker_1,worker,last_input_token;last_visible_answer_token,64,activations/macro__3hop__injected__prompt_neutral_v1__gen_controlled_v2_5000__thinking_off/off/step_002.pt,46d8d903775875863917670bd81a866b9e458c0daf28cc1a6e6061f8d4c7cbfb
Macro,macro,macro__3hop__injected__prompt_neutral_v1__gen_controlled_v2_5000__thinking_off,injected,3-hop,off,3,worker_2,worker,last_input_token;last_visible_answer_token,64,activations/macro__3hop__injected__prompt_neutral_v1__gen_controlled_v2_5000__thinking_off/off/step_003.pt,39319759ace695cc823f4580ed06779df69cc164cdff4c6d67b214e84efc7174
Macro,macro,macro__3hop__injected__prompt_neutral_v1__gen_controlled_v2_5000__thinking_off,injected,3-hop,off,4,executor_1,executor,last_input_token;last_visible_answer_token,64,activations/macro__3hop__injected__prompt_neutral_v1__gen_controlled_v2_5000__thinking_off/off/step_004.pt,0733afa8a6fd7da91bfae36cd28989bdc77fa9318fb30c63e1f5efab7aa3a44a
Macro,macro,macro__3hop__injected__prompt_neutral_v1__gen_controlled_v2_5000__thinking_on,injected,3-hop,on,0,planner_1,planner,last_input_token;last_reasoning_token;last_visible_answer_token,64,activations/macro__3hop__injected__prompt_neutral_v1__gen_controlled_v2_5000__thinking_on/on/step_000.pt,cebdfb6b8da39665daf68a4c31cf568e1c0fdf6c80dfe4eb1c0f885305d6ac44
Macro,macro,macro__3hop__injected__prompt_neutral_v1__gen_controlled_v2_5000__thinking_on,injected,3-hop,on,2,worker_1,worker,last_input_token;last_reasoning_token;last_visible_answer_token,64,activations/macro__3hop__injected__prompt_neutral_v1__gen_controlled_v2_5000__thinking_on/on/step_002.pt,bf1f0bf90e4e91797cd28cf4ea0524296a7ed64727e21de01d955cdb52c88af0
Macro,macro,macro__3hop__injected__prompt_neutral_v1__gen_controlled_v2_5000__thinking_on,injected,3-hop,on,3,worker_2,worker,last_input_token;last_reasoning_token;last_visible_answer_token,64,activations/macro__3hop__injected__prompt_neutral_v1__gen_controlled_v2_5000__thinking_on/on/step_003.pt,eb53537f5ecba86462e184457948fcb86e1250ba05c555d67984775a978a875e
Macro,macro,macro__3hop__injected__prompt_neutral_v1__gen_controlled_v2_5000__thinking_on,injected,3-hop,on,4,executor_1,executor,last_input_token;last_reasoning_token;last_visible_answer_token,64,activations/macro__3hop__injected__prompt_neutral_v1__gen_controlled_v2_5000__thinking_on/on/step_004.pt,60df28afc0f0676ee87e1c6e7f1719dea6f577cb9a4456dfcdd97cb2091be3e3
Neuro,neuro,neuro__2hop__clean__prompt_neutral_v1__gen_controlled_v2_5000__thinking_off,clean,2-hop,off,0,planner_1,planner,last_input_token;last_visible_answer_token,64,activations/neuro__2hop__clean__prompt_neutral_v1__gen_controlled_v2_5000__thinking_off/off/step_000.pt,016734c66778769f50e5f77344112f3595ced22fbef668c0c6bfd48a44f1ec09
Neuro,neuro,neuro__2hop__clean__prompt_neutral_v1__gen_controlled_v2_5000__thinking_off,clean,2-hop,off,2,worker_1,worker,last_input_token;last_visible_answer_token,64,activations/neuro__2hop__clean__prompt_neutral_v1__gen_controlled_v2_5000__thinking_off/off/step_002.pt,6f7c2a9cb96f73c7ed3ddaf7e88dad180c2a9a701dfe8c27312ca9cfbc69aadc
Neuro,neuro,neuro__2hop__clean__prompt_neutral_v1__gen_controlled_v2_5000__thinking_off,clean,2-hop,off,3,executor_1,executor,last_input_token;last_visible_answer_token,64,activations/neuro__2hop__clean__prompt_neutral_v1__gen_controlled_v2_5000__thinking_off/off/step_003.pt,e91469514a9837ae52d39c0aa784205adb21d81c5c5285b6124dff93c8d2bfeb
Neuro,neuro,neuro__2hop__clean__prompt_neutral_v1__gen_controlled_v2_5000__thinking_on,clean,2-hop,on,0,planner_1,planner,last_input_token;last_reasoning_token;last_visible_answer_token,64,activations/neuro__2hop__clean__prompt_neutral_v1__gen_controlled_v2_5000__thinking_on/on/step_000.pt,055e6f75db4eb007791ec22511b852bc86d7f08dc2f6c098832f583c38c0c954
Neuro,neuro,neuro__2hop__clean__prompt_neutral_v1__gen_controlled_v2_5000__thinking_on,clean,2-hop,on,2,worker_1,worker,last_input_token;last_reasoning_token;last_visible_answer_token,64,activations/neuro__2hop__clean__prompt_neutral_v1__gen_controlled_v2_5000__thinking_on/on/step_002.pt,09cdac82e77cee3f57996b1f033231d3af3e560a39ef08a2c699c19bf97f58b1
Neuro,neuro,neuro__2hop__clean__prompt_neutral_v1__gen_controlled_v2_5000__thinking_on,clean,2-hop,on,3,executor_1,executor,last_input_token;last_reasoning_token;last_visible_answer_token,64,activations/neuro__2hop__clean__prompt_neutral_v1__gen_controlled_v2_5000__thinking_on/on/step_003.pt,f5e7998d6ff05620208459321bacd993a71962e1510c3d8cbb5ee12310e18c9b
Neuro,neuro,neuro__2hop__injected__prompt_neutral_v1__gen_controlled_v2_5000__thinking_off,injected,2-hop,off,0,planner_1,planner,last_input_token;last_visible_answer_token,64,activations/neuro__2hop__injected__prompt_neutral_v1__gen_controlled_v2_5000__thinking_off/off/step_000.pt,51fd8b6f4541f53af75c30c01480bc56f563adade9cc2df6c870c7150af05e43
Neuro,neuro,neuro__2hop__injected__prompt_neutral_v1__gen_controlled_v2_5000__thinking_off,injected,2-hop,off,2,worker_1,worker,last_input_token;last_visible_answer_token,64,activations/neuro__2hop__injected__prompt_neutral_v1__gen_controlled_v2_5000__thinking_off/off/step_002.pt,5dd67b3726a9f2978d989b0898f9cdb2499c3b43f52b266125c19603158af952
Neuro,neuro,neuro__2hop__injected__prompt_neutral_v1__gen_controlled_v2_5000__thinking_off,injected,2-hop,off,3,executor_1,executor,last_input_token;last_visible_answer_token,64,activations/neuro__2hop__injected__prompt_neutral_v1__gen_controlled_v2_5000__thinking_off/off/step_003.pt,3cfac68a23707591ee45afb9fe881088ce7dacaa6bebf4a1023a2f48ca37d71a
Neuro,neuro,neuro__2hop__injected__prompt_neutral_v1__gen_controlled_v2_5000__thinking_on,injected,2-hop,on,0,planner_1,planner,last_input_token;last_reasoning_token;last_visible_answer_token,64,activations/neuro__2hop__injected__prompt_neutral_v1__gen_controlled_v2_5000__thinking_on/on/step_000.pt,28e5deab0a08de290882f5eab078f1f8787754380b08281834974e6ed79438c5
Neuro,neuro,neuro__2hop__injected__prompt_neutral_v1__gen_controlled_v2_5000__thinking_on,injected,2-hop,on,2,worker_1,worker,last_input_token;last_reasoning_token;last_visible_answer_token,64,activations/neuro__2hop__injected__prompt_neutral_v1__gen_controlled_v2_5000__thinking_on/on/step_002.pt,24c34dad200f35a459f4c8d1076c2d3170e14330fe168a5e2f90cb177430d61e
Neuro,neuro,neuro__2hop__injected__prompt_neutral_v1__gen_controlled_v2_5000__thinking_on,injected,2-hop,on,3,executor_1,executor,last_input_token;last_reasoning_token;last_visible_answer_token,64,activations/neuro__2hop__injected__prompt_neutral_v1__gen_controlled_v2_5000__thinking_on/on/step_003.pt,eac1d02356a0368aa2d5bd1fdb5f0237720d6ff9f056023458be332561fba6c2
Neuro,neuro,neuro__3hop__clean__prompt_neutral_v1__gen_controlled_v2_5000__thinking_off,clean,3-hop,off,0,planner_1,planner,last_input_token;last_visible_answer_token,64,activations/neuro__3hop__clean__prompt_neutral_v1__gen_controlled_v2_5000__thinking_off/off/step_000.pt,39d7f4035ac9b3a3eee14f5c025f3646d0df66c433171a5a4e14fd9dbd05c9ad
Neuro,neuro,neuro__3hop__clean__prompt_neutral_v1__gen_controlled_v2_5000__thinking_off,clean,3-hop,off,2,worker_1,worker,last_input_token;last_visible_answer_token,64,activations/neuro__3hop__clean__prompt_neutral_v1__gen_controlled_v2_5000__thinking_off/off/step_002.pt,874dc56f885ea171c57d065d78838ea4094f3a87a0a3fb99745ad946b13d162b
Neuro,neuro,neuro__3hop__clean__prompt_neutral_v1__gen_controlled_v2_5000__thinking_off,clean,3-hop,off,3,worker_2,worker,last_input_token;last_visible_answer_token,64,activations/neuro__3hop__clean__prompt_neutral_v1__gen_controlled_v2_5000__thinking_off/off/step_003.pt,8e9e7a0b9cdfb28102f7983493acc814b5f839bf22a76d6ca6a743b941bd26cf
Neuro,neuro,neuro__3hop__clean__prompt_neutral_v1__gen_controlled_v2_5000__thinking_off,clean,3-hop,off,4,executor_1,executor,last_input_token;last_visible_answer_token,64,activations/neuro__3hop__clean__prompt_neutral_v1__gen_controlled_v2_5000__thinking_off/off/step_004.pt,f96527695d196f537af72dcf7f1847342b77c27b796b04ca536593f1e5a7d5bd
Neuro,neuro,neuro__3hop__clean__prompt_neutral_v1__gen_controlled_v2_5000__thinking_on,clean,3-hop,on,0,planner_1,planner,last_input_token;last_reasoning_token;last_visible_answer_token,64,activations/neuro__3hop__clean__prompt_neutral_v1__gen_controlled_v2_5000__thinking_on/on/step_000.pt,93e9be140f0f8d2e3def52047cb5f1b1710bf3fcff16983921731ad31a5ffb5a
Neuro,neuro,neuro__3hop__clean__prompt_neutral_v1__gen_controlled_v2_5000__thinking_on,clean,3-hop,on,2,worker_1,worker,last_input_token;last_reasoning_token;last_visible_answer_token,64,activations/neuro__3hop__clean__prompt_neutral_v1__gen_controlled_v2_5000__thinking_on/on/step_002.pt,5dcd39561193be812be147efc5e8d045749b8ba75f99b610dc87b386c2bc6931
Neuro,neuro,neuro__3hop__clean__prompt_neutral_v1__gen_controlled_v2_5000__thinking_on,clean,3-hop,on,3,worker_2,worker,last_input_token;last_reasoning_token;last_visible_answer_token,64,activations/neuro__3hop__clean__prompt_neutral_v1__gen_controlled_v2_5000__thinking_on/on/step_003.pt,c22d25382a090e51c36ba838c6b8844a7e8ae9f7769df0399015106e7fbf6baf
Neuro,neuro,neuro__3hop__clean__prompt_neutral_v1__gen_controlled_v2_5000__thinking_on,clean,3-hop,on,4,executor_1,executor,last_input_token;last_reasoning_token;last_visible_answer_token,64,activations/neuro__3hop__clean__prompt_neutral_v1__gen_controlled_v2_5000__thinking_on/on/step_004.pt,4085bd7aea47ba6cf614733487cfe7678e23ae198c433e3718b2e136e6f980e6
Neuro,neuro,neuro__3hop__injected__prompt_neutral_v1__gen_controlled_v2_5000__thinking_off,injected,3-hop,off,0,planner_1,planner,last_input_token;last_visible_answer_token,64,activations/neuro__3hop__injected__prompt_neutral_v1__gen_controlled_v2_5000__thinking_off/off/step_000.pt,09c53f91f33d4a6fbc14cb501eae4685d2ba345f058eb9f2b4ca66dfec02625d
Neuro,neuro,neuro__3hop__injected__prompt_neutral_v1__gen_controlled_v2_5000__thinking_off,injected,3-hop,off,2,worker_1,worker,last_input_token;last_visible_answer_token,64,activations/neuro__3hop__injected__prompt_neutral_v1__gen_controlled_v2_5000__thinking_off/off/step_002.pt,9394c16d1f3d79eb20e115dc8cc8f96461987d6cdc8a0aa2d8321fb7ac7c05cd
Neuro,neuro,neuro__3hop__injected__prompt_neutral_v1__gen_controlled_v2_5000__thinking_off,injected,3-hop,off,3,worker_2,worker,last_input_token;last_visible_answer_token,64,activations/neuro__3hop__injected__prompt_neutral_v1__gen_controlled_v2_5000__thinking_off/off/step_003.pt,91492afbdf55940d21bcd23e479635e96ef95ba3a251e1510abf32e24f92d7e4
Neuro,neuro,neuro__3hop__injected__prompt_neutral_v1__gen_controlled_v2_5000__thinking_off,injected,3-hop,off,4,executor_1,executor,last_input_token;last_visible_answer_token,64,activations/neuro__3hop__injected__prompt_neutral_v1__gen_controlled_v2_5000__thinking_off/off/step_004.pt,d12d6b0a6bccf41b4f7fbb00d9c844d1b6f005fd755b681c8e80f427936ca2c1
Neuro,neuro,neuro__3hop__injected__prompt_neutral_v1__gen_controlled_v2_5000__thinking_on,injected,3-hop,on,0,planner_1,planner,last_input_token;last_reasoning_token;last_visible_answer_token,64,activations/neuro__3hop__injected__prompt_neutral_v1__gen_controlled_v2_5000__thinking_on/on/step_000.pt,71b2754d8d7655de8fcd2f6a403520f993f3a3f58c16f6419898a5d90e470037
Neuro,neuro,neuro__3hop__injected__prompt_neutral_v1__gen_controlled_v2_5000__thinking_on,injected,3-hop,on,2,worker_1,worker,last_input_token;last_reasoning_token;last_visible_answer_token,64,activations/neuro__3hop__injected__prompt_neutral_v1__gen_controlled_v2_5000__thinking_on/on/step_002.pt,5a9d8fbbe802eda0b433236a2e6c0d57218ac21b6096a415897a833aa2b94d29
Neuro,neuro,neuro__3hop__injected__prompt_neutral_v1__gen_controlled_v2_5000__thinking_on,injected,3-hop,on,3,worker_2,worker,last_input_token;last_reasoning_token;last_visible_answer_token,64,activations/neuro__3hop__injected__prompt_neutral_v1__gen_controlled_v2_5000__thinking_on/on/step_003.pt,4140fdc0112ff2f12816e312f3d74f857c173e114fe1b5a80888e27f340b1b82
Neuro,neuro,neuro__3hop__injected__prompt_neutral_v1__gen_controlled_v2_5000__thinking_on,injected,3-hop,on,4,executor_1,executor,last_input_token;last_reasoning_token;last_visible_answer_token,64,activations/neuro__3hop__injected__prompt_neutral_v1__gen_controlled_v2_5000__thinking_on/on/step_004.pt,2f0286b3c10aa05fcf7ab21df50ceee87e10835793f0cfa1e4587bc18d6343ff
Petroleum,petro,petro__2hop__clean__prompt_neutral_v1__gen_controlled_v2_5000__thinking_off,clean,2-hop,off,0,planner_1,planner,last_input_token;last_visible_answer_token,64,activations/petro__2hop__clean__prompt_neutral_v1__gen_controlled_v2_5000__thinking_off/off/step_000.pt,f46bf4c50c6fab70c9fbcc2b70e16dbc31d2ac80053d5f6f071210d17817ae06
Petroleum,petro,petro__2hop__clean__prompt_neutral_v1__gen_controlled_v2_5000__thinking_off,clean,2-hop,off,2,worker_1,worker,last_input_token;last_visible_answer_token,64,activations/petro__2hop__clean__prompt_neutral_v1__gen_controlled_v2_5000__thinking_off/off/step_002.pt,211f82dd705c701ef1edb62ed0c634d8db98f813c2422e84c85ba8684ab04e34
Petroleum,petro,petro__2hop__clean__prompt_neutral_v1__gen_controlled_v2_5000__thinking_off,clean,2-hop,off,3,executor_1,executor,last_input_token;last_visible_answer_token,64,activations/petro__2hop__clean__prompt_neutral_v1__gen_controlled_v2_5000__thinking_off/off/step_003.pt,1665cf4e07be022dd2c85f0ef9d4d6f5e7af777ca285b67b30176c2c6cc7bc81
Petroleum,petro,petro__2hop__clean__prompt_neutral_v1__gen_controlled_v2_5000__thinking_on,clean,2-hop,on,0,planner_1,planner,last_input_token;last_reasoning_token;last_visible_answer_token,64,activations/petro__2hop__clean__prompt_neutral_v1__gen_controlled_v2_5000__thinking_on/on/step_000.pt,f27756245cfcbe4c4306f05a350702a35a6873f9ec28b4c0762cbaba9f113174
Petroleum,petro,petro__2hop__clean__prompt_neutral_v1__gen_controlled_v2_5000__thinking_on,clean,2-hop,on,2,worker_1,worker,last_input_token;last_reasoning_token;last_visible_answer_token,64,activations/petro__2hop__clean__prompt_neutral_v1__gen_controlled_v2_5000__thinking_on/on/step_002.pt,7591d744aa58aca9b7e9b75b8ef033149c77abe87eb7d4ec20e0d2cb2bc2a87e
Petroleum,petro,petro__2hop__clean__prompt_neutral_v1__gen_controlled_v2_5000__thinking_on,clean,2-hop,on,3,executor_1,executor,last_input_token;last_reasoning_token;last_visible_answer_token,64,activations/petro__2hop__clean__prompt_neutral_v1__gen_controlled_v2_5000__thinking_on/on/step_003.pt,746e38cb288e72af51125d0c484858a22904194d959ae434e01f8ad8be4eec13
Petroleum,petro,petro__2hop__injected__prompt_neutral_v1__gen_controlled_v2_5000__thinking_off,injected,2-hop,off,0,planner_1,planner,last_input_token;last_visible_answer_token,64,activations/petro__2hop__injected__prompt_neutral_v1__gen_controlled_v2_5000__thinking_off/off/step_000.pt,d5b6678747134ff9d1c021e9ff00ed04ae0fc10385e4ceda1f4a5676d1e1d420
Petroleum,petro,petro__2hop__injected__prompt_neutral_v1__gen_controlled_v2_5000__thinking_off,injected,2-hop,off,2,worker_1,worker,last_input_token;last_visible_answer_token,64,activations/petro__2hop__injected__prompt_neutral_v1__gen_controlled_v2_5000__thinking_off/off/step_002.pt,2af2fc7cc354f19bbb1212378dc64130fdfb97eeda2b60c322f2f8f5634423d0
Petroleum,petro,petro__2hop__injected__prompt_neutral_v1__gen_controlled_v2_5000__thinking_off,injected,2-hop,off,3,executor_1,executor,last_input_token;last_visible_answer_token,64,activations/petro__2hop__injected__prompt_neutral_v1__gen_controlled_v2_5000__thinking_off/off/step_003.pt,270fed30de021444fbc7a95377678c71030b3f3c9df61ce2e8081c95a1d092fd
Petroleum,petro,petro__2hop__injected__prompt_neutral_v1__gen_controlled_v2_5000__thinking_on,injected,2-hop,on,0,planner_1,planner,last_input_token;last_reasoning_token;last_visible_answer_token,64,activations/petro__2hop__injected__prompt_neutral_v1__gen_controlled_v2_5000__thinking_on/on/step_000.pt,871ef2579143564c22fb3cf300c788fdc194234724d8b0ab5ca542df0ff0684b
Petroleum,petro,petro__2hop__injected__prompt_neutral_v1__gen_controlled_v2_5000__thinking_on,injected,2-hop,on,2,worker_1,worker,last_input_token;last_reasoning_token;last_visible_answer_token,64,activations/petro__2hop__injected__prompt_neutral_v1__gen_controlled_v2_5000__thinking_on/on/step_002.pt,e8ffe6b6e3a9f3045bbc946f7fa7a709addfee417e7c8f51c7ad20786ac9d1f4
Petroleum,petro,petro__2hop__injected__prompt_neutral_v1__gen_controlled_v2_5000__thinking_on,injected,2-hop,on,3,executor_1,executor,last_input_token;last_reasoning_token;last_visible_answer_token,64,activations/petro__2hop__injected__prompt_neutral_v1__gen_controlled_v2_5000__thinking_on/on/step_003.pt,ad2dff577b9484e744bd178daf5e1a0743299e176741f3a80a681c0a2a15226c
Petroleum,petro,petro__3hop__clean__prompt_neutral_v1__gen_controlled_v2_5000__thinking_off,clean,3-hop,off,0,planner_1,planner,last_input_token;last_visible_answer_token,64,activations/petro__3hop__clean__prompt_neutral_v1__gen_controlled_v2_5000__thinking_off/off/step_000.pt,4b65209100c96813780829e003f7f79bec91d280a831b114c72c0feab33f2c29
Petroleum,petro,petro__3hop__clean__prompt_neutral_v1__gen_controlled_v2_5000__thinking_off,clean,3-hop,off,2,worker_1,worker,last_input_token;last_visible_answer_token,64,activations/petro__3hop__clean__prompt_neutral_v1__gen_controlled_v2_5000__thinking_off/off/step_002.pt,594042b9dcfab2b4f9b3781a90cc9ebbe181955c13f29022e95577156658c240
Petroleum,petro,petro__3hop__clean__prompt_neutral_v1__gen_controlled_v2_5000__thinking_off,clean,3-hop,off,3,worker_2,worker,last_input_token;last_visible_answer_token,64,activations/petro__3hop__clean__prompt_neutral_v1__gen_controlled_v2_5000__thinking_off/off/step_003.pt,1712e6435aa8904a42b9e19c5aa9ed1c0eff5689f26a348f2f1c0012336d6216
Petroleum,petro,petro__3hop__clean__prompt_neutral_v1__gen_controlled_v2_5000__thinking_off,clean,3-hop,off,4,executor_1,executor,last_input_token;last_visible_answer_token,64,activations/petro__3hop__clean__prompt_neutral_v1__gen_controlled_v2_5000__thinking_off/off/step_004.pt,7c0562ab6185e896f994e7f041155918bfcdf167f45ceb57928081e1183d975b
Petroleum,petro,petro__3hop__clean__prompt_neutral_v1__gen_controlled_v2_5000__thinking_on,clean,3-hop,on,0,planner_1,planner,last_input_token;last_reasoning_token;last_visible_answer_token,64,activations/petro__3hop__clean__prompt_neutral_v1__gen_controlled_v2_5000__thinking_on/on/step_000.pt,ff14d1993a0fbb37891e60c3acfb995a4d8b5521d044925ddffde212ffd62bdc
Petroleum,petro,petro__3hop__clean__prompt_neutral_v1__gen_controlled_v2_5000__thinking_on,clean,3-hop,on,2,worker_1,worker,last_input_token;last_reasoning_token;last_visible_answer_token,64,activations/petro__3hop__clean__prompt_neutral_v1__gen_controlled_v2_5000__thinking_on/on/step_002.pt,2a3e2500915105cfae8332865cd683cc071c2fc617c1535244d794573e7a5010
Petroleum,petro,petro__3hop__clean__prompt_neutral_v1__gen_controlled_v2_5000__thinking_on,clean,3-hop,on,3,worker_2,worker,last_input_token;last_reasoning_token;last_visible_answer_token,64,activations/petro__3hop__clean__prompt_neutral_v1__gen_controlled_v2_5000__thinking_on/on/step_003.pt,e22f65460060ce04b01679699fe0f468677a990d071fb9e64f4b2c181d4db6f3
Petroleum,petro,petro__3hop__clean__prompt_neutral_v1__gen_controlled_v2_5000__thinking_on,clean,3-hop,on,4,executor_1,executor,last_input_token;last_reasoning_token;last_visible_answer_token,64,activations/petro__3hop__clean__prompt_neutral_v1__gen_controlled_v2_5000__thinking_on/on/step_004.pt,9b9246664cb334d4ba9c278dcbfe0765af292d6735478b600c6557153cf8c137
Petroleum,petro,petro__3hop__injected__prompt_neutral_v1__gen_controlled_v2_5000__thinking_off,injected,3-hop,off,0,planner_1,planner,last_input_token;last_visible_answer_token,64,activations/petro__3hop__injected__prompt_neutral_v1__gen_controlled_v2_5000__thinking_off/off/step_000.pt,9ec35badb44e6f8197cfd045cab72860fa6bbd6e069148da0c1dcecbac228979
Petroleum,petro,petro__3hop__injected__prompt_neutral_v1__gen_controlled_v2_5000__thinking_off,injected,3-hop,off,2,worker_1,worker,last_input_token;last_visible_answer_token,64,activations/petro__3hop__injected__prompt_neutral_v1__gen_controlled_v2_5000__thinking_off/off/step_002.pt,22f52f765278bbca8159a9552662ffb01a2d9f8cdf4005906f922ae4cb82c4aa
Petroleum,petro,petro__3hop__injected__prompt_neutral_v1__gen_controlled_v2_5000__thinking_off,injected,3-hop,off,3,worker_2,worker,last_input_token;last_visible_answer_token,64,activations/petro__3hop__injected__prompt_neutral_v1__gen_controlled_v2_5000__thinking_off/off/step_003.pt,24e2322e27df09a458bca3e4e044091b1d63325a39a897ee4b1b4da2027ef3c6
Petroleum,petro,petro__3hop__injected__prompt_neutral_v1__gen_controlled_v2_5000__thinking_off,injected,3-hop,off,4,executor_1,executor,last_input_token;last_visible_answer_token,64,activations/petro__3hop__injected__prompt_neutral_v1__gen_controlled_v2_5000__thinking_off/off/step_004.pt,7cb0aaea518f44d2c927a2ebebcaca782827993315691ec52547b859fd65f34b
Petroleum,petro,petro__3hop__injected__prompt_neutral_v1__gen_controlled_v2_5000__thinking_on,injected,3-hop,on,0,planner_1,planner,last_input_token;last_reasoning_token;last_visible_answer_token,64,activations/petro__3hop__injected__prompt_neutral_v1__gen_controlled_v2_5000__thinking_on/on/step_000.pt,d34e1a4603dba87d383bffec6fc87c73522ae350efb9a439415ef0434c92182e
Petroleum,petro,petro__3hop__injected__prompt_neutral_v1__gen_controlled_v2_5000__thinking_on,injected,3-hop,on,2,worker_1,worker,last_input_token;last_reasoning_token;last_visible_answer_token,64,activations/petro__3hop__injected__prompt_neutral_v1__gen_controlled_v2_5000__thinking_on/on/step_002.pt,7c2d12240c098a59990d69abff47296518ca027a2b1ad700b88e78408dc807f2
Petroleum,petro,petro__3hop__injected__prompt_neutral_v1__gen_controlled_v2_5000__thinking_on,injected,3-hop,on,3,worker_2,worker,last_input_token;last_reasoning_token;last_visible_answer_token,64,activations/petro__3hop__injected__prompt_neutral_v1__gen_controlled_v2_5000__thinking_on/on/step_003.pt,284e95cd2bf0dc2e1cec2404798b4649793fc16d8a1505e6f64f9cc5f0aea429
Petroleum,petro,petro__3hop__injected__prompt_neutral_v1__gen_controlled_v2_5000__thinking_on,injected,3-hop,on,4,executor_1,executor,last_input_token;last_reasoning_token;last_visible_answer_token,64,activations/petro__3hop__injected__prompt_neutral_v1__gen_controlled_v2_5000__thinking_on/on/step_004.pt,0f88ad53e9caedfaf980de6e6671f92b2e36e5ec436e59d04fce20dcdc5ef8e8
Policy,policy,policy__2hop__clean__prompt_neutral_v1__gen_controlled_v2_5000__thinking_off,clean,2-hop,off,0,planner_1,planner,last_input_token;last_visible_answer_token,64,activations/policy__2hop__clean__prompt_neutral_v1__gen_controlled_v2_5000__thinking_off/off/step_000.pt,8030b6be3ed132523ef596686d620857a9e6d66b0998c970fad43775718b88fb
Policy,policy,policy__2hop__clean__prompt_neutral_v1__gen_controlled_v2_5000__thinking_off,clean,2-hop,off,2,worker_1,worker,last_input_token;last_visible_answer_token,64,activations/policy__2hop__clean__prompt_neutral_v1__gen_controlled_v2_5000__thinking_off/off/step_002.pt,7c2db70d8478635a0e746afbbd5a246c1600d00709b0ea14834e7161a3ed1071
Policy,policy,policy__2hop__clean__prompt_neutral_v1__gen_controlled_v2_5000__thinking_off,clean,2-hop,off,3,executor_1,executor,last_input_token;last_visible_answer_token,64,activations/policy__2hop__clean__prompt_neutral_v1__gen_controlled_v2_5000__thinking_off/off/step_003.pt,533a3ccd59eed2375d1d8e7d161823068ba8e7f2a6bf4c7ee09dabbf3af537fc
Policy,policy,policy__2hop__clean__prompt_neutral_v1__gen_controlled_v2_5000__thinking_on,clean,2-hop,on,0,planner_1,planner,last_input_token;last_reasoning_token;last_visible_answer_token,64,activations/policy__2hop__clean__prompt_neutral_v1__gen_controlled_v2_5000__thinking_on/on/step_000.pt,edaccd3991d47dcba9a611ee8243d5cb25dd4641764c7fab3bbc2d4d2758768a
Policy,policy,policy__2hop__clean__prompt_neutral_v1__gen_controlled_v2_5000__thinking_on,clean,2-hop,on,2,worker_1,worker,last_input_token;last_reasoning_token;last_visible_answer_token,64,activations/policy__2hop__clean__prompt_neutral_v1__gen_controlled_v2_5000__thinking_on/on/step_002.pt,22ca42c82bd7fe270aafa125e60e8ac4cfa0242e5ace0dd4bad8e8520192a18a
Policy,policy,policy__2hop__clean__prompt_neutral_v1__gen_controlled_v2_5000__thinking_on,clean,2-hop,on,3,executor_1,executor,last_input_token;last_reasoning_token;last_visible_answer_token,64,activations/policy__2hop__clean__prompt_neutral_v1__gen_controlled_v2_5000__thinking_on/on/step_003.pt,395038ebe23ca7a4f747f05b5e6770d7839d5465518d09ced99d3a40e00dae74
Policy,policy,policy__2hop__injected__prompt_neutral_v1__gen_controlled_v2_5000__thinking_off,injected,2-hop,off,0,planner_1,planner,last_input_token;last_visible_answer_token,64,activations/policy__2hop__injected__prompt_neutral_v1__gen_controlled_v2_5000__thinking_off/off/step_000.pt,2479b5204a83569516966c265898e7029f75c5b1a16c303523875e9b87984ef2
Policy,policy,policy__2hop__injected__prompt_neutral_v1__gen_controlled_v2_5000__thinking_off,injected,2-hop,off,2,worker_1,worker,last_input_token;last_visible_answer_token,64,activations/policy__2hop__injected__prompt_neutral_v1__gen_controlled_v2_5000__thinking_off/off/step_002.pt,47dfe127ec7c89f1c72dbcf800dda22f8fe519beccbabefb9d75bb8e9ca89078
Policy,policy,policy__2hop__injected__prompt_neutral_v1__gen_controlled_v2_5000__thinking_off,injected,2-hop,off,3,executor_1,executor,last_input_token;last_visible_answer_token,64,activations/policy__2hop__injected__prompt_neutral_v1__gen_controlled_v2_5000__thinking_off/off/step_003.pt,aca271f954663bd71967893b2301a504feefa280d695f5e4288fa26b078ae6e1
Policy,policy,policy__2hop__injected__prompt_neutral_v1__gen_controlled_v2_5000__thinking_on,injected,2-hop,on,0,planner_1,planner,last_input_token;last_reasoning_token;last_visible_answer_token,64,activations/policy__2hop__injected__prompt_neutral_v1__gen_controlled_v2_5000__thinking_on/on/step_000.pt,82bc3eafa9d09902a016b5f10b79e0a7b64d062b8c1ee57c5370ebf946d1cef2
Policy,policy,policy__2hop__injected__prompt_neutral_v1__gen_controlled_v2_5000__thinking_on,injected,2-hop,on,2,worker_1,worker,last_input_token;last_reasoning_token;last_visible_answer_token,64,activations/policy__2hop__injected__prompt_neutral_v1__gen_controlled_v2_5000__thinking_on/on/step_002.pt,fa13e019939054a2a54992615e6ed5b1b72f3d741468b1fcf9ba799759294032
Policy,policy,policy__2hop__injected__prompt_neutral_v1__gen_controlled_v2_5000__thinking_on,injected,2-hop,on,3,executor_1,executor,last_input_token;last_reasoning_token;last_visible_answer_token,64,activations/policy__2hop__injected__prompt_neutral_v1__gen_controlled_v2_5000__thinking_on/on/step_003.pt,550be93792ef7f3e5037588a21afc22ac6161692dd963ced5f904b713598eeb3
Policy,policy,policy__3hop__clean__prompt_neutral_v1__gen_controlled_v2_5000__thinking_off,clean,3-hop,off,0,planner_1,planner,last_input_token;last_visible_answer_token,64,activations/policy__3hop__clean__prompt_neutral_v1__gen_controlled_v2_5000__thinking_off/off/step_000.pt,38dac4091a1595e47bc9d8e5185950d5d543fe979a0a7d1b27f14d1d9070c0df
Policy,policy,policy__3hop__clean__prompt_neutral_v1__gen_controlled_v2_5000__thinking_off,clean,3-hop,off,2,worker_1,worker,last_input_token;last_visible_answer_token,64,activations/policy__3hop__clean__prompt_neutral_v1__gen_controlled_v2_5000__thinking_off/off/step_002.pt,4496592ef4c16610157be86a0e48c6413d993880241722d0c18b4f418f4f8bea
Policy,policy,policy__3hop__clean__prompt_neutral_v1__gen_controlled_v2_5000__thinking_off,clean,3-hop,off,3,worker_2,worker,last_input_token;last_visible_answer_token,64,activations/policy__3hop__clean__prompt_neutral_v1__gen_controlled_v2_5000__thinking_off/off/step_003.pt,41ba6d70bf99e5f62f2b418bc09012359259909136adf97bd7ddcd75b7587ac6
Policy,policy,policy__3hop__clean__prompt_neutral_v1__gen_controlled_v2_5000__thinking_off,clean,3-hop,off,4,executor_1,executor,last_input_token;last_visible_answer_token,64,activations/policy__3hop__clean__prompt_neutral_v1__gen_controlled_v2_5000__thinking_off/off/step_004.pt,c87a85b4dd3bd69f849135c53e0a6c8d5155a824d8a0d7842ec23cb9de2ef42e
Policy,policy,policy__3hop__clean__prompt_neutral_v1__gen_controlled_v2_5000__thinking_on,clean,3-hop,on,0,planner_1,planner,last_input_token;last_reasoning_token;last_visible_answer_token,64,activations/policy__3hop__clean__prompt_neutral_v1__gen_controlled_v2_5000__thinking_on/on/step_000.pt,a9a6b9596f051ac50768fdb544d52ca3659bf5ce32fda72933456eeb56a76aa1
Policy,policy,policy__3hop__clean__prompt_neutral_v1__gen_controlled_v2_5000__thinking_on,clean,3-hop,on,2,worker_1,worker,last_input_token;last_reasoning_token;last_visible_answer_token,64,activations/policy__3hop__clean__prompt_neutral_v1__gen_controlled_v2_5000__thinking_on/on/step_002.pt,f3369100c5d8902f6dfabdb21d5a98d3738f323daa3a602ce10944b42dea8274
Policy,policy,policy__3hop__clean__prompt_neutral_v1__gen_controlled_v2_5000__thinking_on,clean,3-hop,on,3,worker_2,worker,last_input_token;last_reasoning_token;last_visible_answer_token,64,activations/policy__3hop__clean__prompt_neutral_v1__gen_controlled_v2_5000__thinking_on/on/step_003.pt,0d0024f33d585acd16406e9578472fe0e01dabcb79df17f79be467bdcec925b3
Policy,policy,policy__3hop__clean__prompt_neutral_v1__gen_controlled_v2_5000__thinking_on,clean,3-hop,on,4,executor_1,executor,last_input_token;last_reasoning_token;last_visible_answer_token,64,activations/policy__3hop__clean__prompt_neutral_v1__gen_controlled_v2_5000__thinking_on/on/step_004.pt,591c6c2b5ea510bced98d0e9c659fe22ed6e9ee5f584135000a93b4c07f12941
Policy,policy,policy__3hop__injected__prompt_neutral_v1__gen_controlled_v2_5000__thinking_off,injected,3-hop,off,0,planner_1,planner,last_input_token;last_visible_answer_token,64,activations/policy__3hop__injected__prompt_neutral_v1__gen_controlled_v2_5000__thinking_off/off/step_000.pt,d032254c1e4a05db2afe80674597fafe9dfbbc3b0bbc4470b1f827d55ee3fe91
Policy,policy,policy__3hop__injected__prompt_neutral_v1__gen_controlled_v2_5000__thinking_off,injected,3-hop,off,2,worker_1,worker,last_input_token;last_visible_answer_token,64,activations/policy__3hop__injected__prompt_neutral_v1__gen_controlled_v2_5000__thinking_off/off/step_002.pt,109a0caa690c176b91a6b9648c73fc4a612e9e627e6a7d0ac0239ee6c5e2f415
Policy,policy,policy__3hop__injected__prompt_neutral_v1__gen_controlled_v2_5000__thinking_off,injected,3-hop,off,3,worker_2,worker,last_input_token;last_visible_answer_token,64,activations/policy__3hop__injected__prompt_neutral_v1__gen_controlled_v2_5000__thinking_off/off/step_003.pt,59626412953b4c1ded265e1a3f6d639029539df6070791f259dc4d31645df0a4
Policy,policy,policy__3hop__injected__prompt_neutral_v1__gen_controlled_v2_5000__thinking_off,injected,3-hop,off,4,executor_1,executor,last_input_token;last_visible_answer_token,64,activations/policy__3hop__injected__prompt_neutral_v1__gen_controlled_v2_5000__thinking_off/off/step_004.pt,4e1e03882794b731453097146a1929907753e1ba40a2ac66731ef044837687c0
Policy,policy,policy__3hop__injected__prompt_neutral_v1__gen_controlled_v2_5000__thinking_on,injected,3-hop,on,0,planner_1,planner,last_input_token;last_reasoning_token;last_visible_answer_token,64,activations/policy__3hop__injected__prompt_neutral_v1__gen_controlled_v2_5000__thinking_on/on/step_000.pt,c3795e21182070100b31bd6829bb76b2451af510e367f7438455500081846ea1
Policy,policy,policy__3hop__injected__prompt_neutral_v1__gen_controlled_v2_5000__thinking_on,injected,3-hop,on,2,worker_1,worker,last_input_token;last_reasoning_token;last_visible_answer_token,64,activations/policy__3hop__injected__prompt_neutral_v1__gen_controlled_v2_5000__thinking_on/on/step_002.pt,990fac4da6e494b0ab62ad22a5a199ebe7916a152e1874b1d116804093767b62
Policy,policy,policy__3hop__injected__prompt_neutral_v1__gen_controlled_v2_5000__thinking_on,injected,3-hop,on,3,worker_2,worker,last_input_token;last_reasoning_token;last_visible_answer_token,64,activations/policy__3hop__injected__prompt_neutral_v1__gen_controlled_v2_5000__thinking_on/on/step_003.pt,6687f0e3e8aa078cd797c2022c9e6201351f847f44d5acf3bf61d615ba6ffa21
Policy,policy,policy__3hop__injected__prompt_neutral_v1__gen_controlled_v2_5000__thinking_on,injected,3-hop,on,4,executor_1,executor,last_input_token;last_reasoning_token;last_visible_answer_token,64,activations/policy__3hop__injected__prompt_neutral_v1__gen_controlled_v2_5000__thinking_on/on/step_004.pt,0cc32c4c4d5978324c4040e66c55967d6b07c3ecc108dc1af2f47d78be95a732
Telecom,telecom,telecom__2hop__clean__prompt_neutral_v1__gen_controlled_v2_5000__thinking_off,clean,2-hop,off,0,planner_1,planner,last_input_token;last_visible_answer_token,64,activations/telecom__2hop__clean__prompt_neutral_v1__gen_controlled_v2_5000__thinking_off/off/step_000.pt,12249f4530f7c02d72b201927dec053a65b1c0fc517ed6381ac1ddf0faef06b1
Telecom,telecom,telecom__2hop__clean__prompt_neutral_v1__gen_controlled_v2_5000__thinking_off,clean,2-hop,off,2,worker_1,worker,last_input_token;last_visible_answer_token,64,activations/telecom__2hop__clean__prompt_neutral_v1__gen_controlled_v2_5000__thinking_off/off/step_002.pt,62e53b04d34c6967e4ba622db637f7efd6a364e727779350f4c8a2ef6abae8a6
Telecom,telecom,telecom__2hop__clean__prompt_neutral_v1__gen_controlled_v2_5000__thinking_off,clean,2-hop,off,3,executor_1,executor,last_input_token;last_visible_answer_token,64,activations/telecom__2hop__clean__prompt_neutral_v1__gen_controlled_v2_5000__thinking_off/off/step_003.pt,a638c1f0afa7dadc88e40b6c93297d0976cda336062be3f4ac9ecf6feab484a7
Telecom,telecom,telecom__2hop__clean__prompt_neutral_v1__gen_controlled_v2_5000__thinking_on,clean,2-hop,on,0,planner_1,planner,last_input_token;last_reasoning_token;last_visible_answer_token,64,activations/telecom__2hop__clean__prompt_neutral_v1__gen_controlled_v2_5000__thinking_on/on/step_000.pt,5e5d11603042b40923c163680351d088d554d4dfc9d344c828eba89bd744cc41
Telecom,telecom,telecom__2hop__clean__prompt_neutral_v1__gen_controlled_v2_5000__thinking_on,clean,2-hop,on,2,worker_1,worker,last_input_token;last_reasoning_token;last_visible_answer_token,64,activations/telecom__2hop__clean__prompt_neutral_v1__gen_controlled_v2_5000__thinking_on/on/step_002.pt,ea3a0ceebc17716f766e704d9c9caf8cd1b6ae6df02782e1d6508358e8f9d37d
Telecom,telecom,telecom__2hop__clean__prompt_neutral_v1__gen_controlled_v2_5000__thinking_on,clean,2-hop,on,3,executor_1,executor,last_input_token;last_reasoning_token;last_visible_answer_token,64,activations/telecom__2hop__clean__prompt_neutral_v1__gen_controlled_v2_5000__thinking_on/on/step_003.pt,283fb439d15e7f93dfc10735b43564760ce49cdc5f3bd8011ff2ddbc23ee4377
Telecom,telecom,telecom__2hop__injected__prompt_neutral_v1__gen_controlled_v2_5000__thinking_off,injected,2-hop,off,0,planner_1,planner,last_input_token;last_visible_answer_token,64,activations/telecom__2hop__injected__prompt_neutral_v1__gen_controlled_v2_5000__thinking_off/off/step_000.pt,dfabceca95f1dfd7cc684def6f6980fb31047966981efdd3bb2899d8e03b84d8
Telecom,telecom,telecom__2hop__injected__prompt_neutral_v1__gen_controlled_v2_5000__thinking_off,injected,2-hop,off,2,worker_1,worker,last_input_token;last_visible_answer_token,64,activations/telecom__2hop__injected__prompt_neutral_v1__gen_controlled_v2_5000__thinking_off/off/step_002.pt,14899a98d0cdfe3e470cdbab50cf14a7b095310d5afc47551e48d4c1f6d2b79b
Telecom,telecom,telecom__2hop__injected__prompt_neutral_v1__gen_controlled_v2_5000__thinking_off,injected,2-hop,off,3,executor_1,executor,last_input_token;last_visible_answer_token,64,activations/telecom__2hop__injected__prompt_neutral_v1__gen_controlled_v2_5000__thinking_off/off/step_003.pt,501744ae52acc06277c7817891abe4f2e61322387e1daa641dfeb1c82bef0530
Telecom,telecom,telecom__2hop__injected__prompt_neutral_v1__gen_controlled_v2_5000__thinking_on,injected,2-hop,on,0,planner_1,planner,last_input_token;last_reasoning_token;last_visible_answer_token,64,activations/telecom__2hop__injected__prompt_neutral_v1__gen_controlled_v2_5000__thinking_on/on/step_000.pt,38073e4e3419f07a9ffded23252f2791b7a8fc752a868e6985de182ef7b4a767
Telecom,telecom,telecom__2hop__injected__prompt_neutral_v1__gen_controlled_v2_5000__thinking_on,injected,2-hop,on,2,worker_1,worker,last_input_token;last_reasoning_token;last_visible_answer_token,64,activations/telecom__2hop__injected__prompt_neutral_v1__gen_controlled_v2_5000__thinking_on/on/step_002.pt,dcc4a7971354d381c2b2c92b80dddbfc0d6a758320dea189ffd04811d99cb128
Telecom,telecom,telecom__2hop__injected__prompt_neutral_v1__gen_controlled_v2_5000__thinking_on,injected,2-hop,on,3,executor_1,executor,last_input_token;last_reasoning_token;last_visible_answer_token,64,activations/telecom__2hop__injected__prompt_neutral_v1__gen_controlled_v2_5000__thinking_on/on/step_003.pt,33d99eaadcbf339f6f9607d910d60a1aac0fa69f4d816621edff1413691c0175
Telecom,telecom,telecom__3hop__clean__prompt_neutral_v1__gen_controlled_v2_5000__thinking_off,clean,3-hop,off,0,planner_1,planner,last_input_token;last_visible_answer_token,64,activations/telecom__3hop__clean__prompt_neutral_v1__gen_controlled_v2_5000__thinking_off/off/step_000.pt,e0e80ff88cd6be482bb504b574eaaa123797244396d053423908dfdbad7775fd
Telecom,telecom,telecom__3hop__clean__prompt_neutral_v1__gen_controlled_v2_5000__thinking_off,clean,3-hop,off,2,worker_1,worker,last_input_token;last_visible_answer_token,64,activations/telecom__3hop__clean__prompt_neutral_v1__gen_controlled_v2_5000__thinking_off/off/step_002.pt,b11645233a4fc5be8dc41be5cc54a00510b6eb8fd69321d4b7f9e2d32d0f771f
Telecom,telecom,telecom__3hop__clean__prompt_neutral_v1__gen_controlled_v2_5000__thinking_off,clean,3-hop,off,3,worker_2,worker,last_input_token;last_visible_answer_token,64,activations/telecom__3hop__clean__prompt_neutral_v1__gen_controlled_v2_5000__thinking_off/off/step_003.pt,78da184bddf3b76dac05340aab8a8933c22bd31b9b813c39824a0c5eb383f058
Telecom,telecom,telecom__3hop__clean__prompt_neutral_v1__gen_controlled_v2_5000__thinking_off,clean,3-hop,off,4,executor_1,executor,last_input_token;last_visible_answer_token,64,activations/telecom__3hop__clean__prompt_neutral_v1__gen_controlled_v2_5000__thinking_off/off/step_004.pt,95e076253a8dd577f60eb4e2361ef10304063e41fd0e57385fd14fe46c83007f
Telecom,telecom,telecom__3hop__clean__prompt_neutral_v1__gen_controlled_v2_5000__thinking_on,clean,3-hop,on,0,planner_1,planner,last_input_token;last_reasoning_token;last_visible_answer_token,64,activations/telecom__3hop__clean__prompt_neutral_v1__gen_controlled_v2_5000__thinking_on/on/step_000.pt,61bb0bc32550d2c95c5470877f471034a0696a39f1564255ed1007c106e6d4d3
Telecom,telecom,telecom__3hop__clean__prompt_neutral_v1__gen_controlled_v2_5000__thinking_on,clean,3-hop,on,2,worker_1,worker,last_input_token;last_reasoning_token;last_visible_answer_token,64,activations/telecom__3hop__clean__prompt_neutral_v1__gen_controlled_v2_5000__thinking_on/on/step_002.pt,54732faac97a8b1d2dee8e4e567bc5577fdb599e01f079d87a0bb29f150a20cd
Telecom,telecom,telecom__3hop__clean__prompt_neutral_v1__gen_controlled_v2_5000__thinking_on,clean,3-hop,on,3,worker_2,worker,last_input_token;last_reasoning_token;last_visible_answer_token,64,activations/telecom__3hop__clean__prompt_neutral_v1__gen_controlled_v2_5000__thinking_on/on/step_003.pt,4cbfdabad4bad71cecb0b99198c599ae9c2389192d2bd8cdbf6e059fbaff9c4e
Telecom,telecom,telecom__3hop__clean__prompt_neutral_v1__gen_controlled_v2_5000__thinking_on,clean,3-hop,on,4,executor_1,executor,last_input_token;last_reasoning_token;last_visible_answer_token,64,activations/telecom__3hop__clean__prompt_neutral_v1__gen_controlled_v2_5000__thinking_on/on/step_004.pt,e1ec38e598824c6e9b8fc29958ab05146283b7aedc0b6854d0dec61844c1ec76
Telecom,telecom,telecom__3hop__injected__prompt_neutral_v1__gen_controlled_v2_5000__thinking_off,injected,3-hop,off,0,planner_1,planner,last_input_token;last_visible_answer_token,64,activations/telecom__3hop__injected__prompt_neutral_v1__gen_controlled_v2_5000__thinking_off/off/step_000.pt,26a29663bd21f6119a24556cff7c18dc0494d347085bf2bb083d118bf68e4b39
Telecom,telecom,telecom__3hop__injected__prompt_neutral_v1__gen_controlled_v2_5000__thinking_off,injected,3-hop,off,2,worker_1,worker,last_input_token;last_visible_answer_token,64,activations/telecom__3hop__injected__prompt_neutral_v1__gen_controlled_v2_5000__thinking_off/off/step_002.pt,af93b4a292beb03de2f3a280a23897039f89588833c9f3c4d606a207f8754143
Telecom,telecom,telecom__3hop__injected__prompt_neutral_v1__gen_controlled_v2_5000__thinking_off,injected,3-hop,off,3,worker_2,worker,last_input_token;last_visible_answer_token,64,activations/telecom__3hop__injected__prompt_neutral_v1__gen_controlled_v2_5000__thinking_off/off/step_003.pt,66e3a3a1d8b6eeda2794218b483bd3eac26308fb15f3cef5485ef7aca38c53aa
Telecom,telecom,telecom__3hop__injected__prompt_neutral_v1__gen_controlled_v2_5000__thinking_off,injected,3-hop,off,4,executor_1,executor,last_input_token;last_visible_answer_token,64,activations/telecom__3hop__injected__prompt_neutral_v1__gen_controlled_v2_5000__thinking_off/off/step_004.pt,ac794c70d5e2e5e7f85337c243e1a262f7df5e8c91f1ab95286713c713c5d687
Telecom,telecom,telecom__3hop__injected__prompt_neutral_v1__gen_controlled_v2_5000__thinking_on,injected,3-hop,on,0,planner_1,planner,last_input_token;last_reasoning_token;last_visible_answer_token,64,activations/telecom__3hop__injected__prompt_neutral_v1__gen_controlled_v2_5000__thinking_on/on/step_000.pt,b1f5d0ba671892659de87d00e1d9b7b9a5cab2fea8260b164682f9458e07485a
Telecom,telecom,telecom__3hop__injected__prompt_neutral_v1__gen_controlled_v2_5000__thinking_on,injected,3-hop,on,2,worker_1,worker,last_input_token;last_reasoning_token;last_visible_answer_token,64,activations/telecom__3hop__injected__prompt_neutral_v1__gen_controlled_v2_5000__thinking_on/on/step_002.pt,483739be111965b9ec4dc34f0db5333dd6cd036cb8c69cc218fe7c0d9cc0090a
Telecom,telecom,telecom__3hop__injected__prompt_neutral_v1__gen_controlled_v2_5000__thinking_on,injected,3-hop,on,3,worker_2,worker,last_input_token;last_reasoning_token;last_visible_answer_token,64,activations/telecom__3hop__injected__prompt_neutral_v1__gen_controlled_v2_5000__thinking_on/on/step_003.pt,d4782849016fe0c7c09932a860c8157dd51067fd6544ae141915126f0bc3e251
Telecom,telecom,telecom__3hop__injected__prompt_neutral_v1__gen_controlled_v2_5000__thinking_on,injected,3-hop,on,4,executor_1,executor,last_input_token;last_reasoning_token;last_visible_answer_token,64,activations/telecom__3hop__injected__prompt_neutral_v1__gen_controlled_v2_5000__thinking_on/on/step_004.pt,a910600ad27535231cae2251715a132aabc84633f7b0630f4556369ec59dfe62
